Instance,GraphType, n , p , R , r ,obj_IP,IP_Time,COntrGen_Time,Tot_Time,#Ball_Ctrs,#O_Ctrs,#All_Ctrs,Gap,OoM
eilon10_1 , Star ,10,2,0.1,0.2,4,0.0089,3.3131,3.322,352,2404,2768,0,0
eilon10_2 , Star ,10,2,0.1,0.2,3,0.007,2.9181,2.9251,260,1744,2016,0,0
eilon10_3 , Star ,10,2,0.1,0.2,3,0.006,1.974,1.98,240,1702,1954,0,0
eilon10_4 , Star ,10,2,0.1,0.2,4,0.006,3.123,3.129,268,1882,2162,0,0
eilon10_5 , Star ,10,2,0.1,0.2,3,0.006,1.174,1.18,228,1306,1546,0,0
eilon10_1 , Star-Ring ,10,2,0.1,0.2,3,0.019,3.121,3.14,559,8112,8683,0,0
eilon10_2 , Star-Ring ,10,2,0.1,0.2,3,0.013,3.016,3.029,384,6028,6424,0,0
eilon10_3 , Star-Ring ,10,2,0.1,0.2,3,0.013,2.0979,2.1109,348,5997,6357,0,0
eilon10_4 , Star-Ring ,10,2,0.1,0.2,3,0.015,3.3659,3.3809,392,6600,7004,0,0
eilon10_5 , Star-Ring ,10,2,0.1,0.2,3,0.011,1.6871,1.6981,329,4758,5099,0,0
eilon10_1 , Cycle ,10,2,0.1,0.2,4,0.008,2.901,2.909,352,2404,2768,0,0
eilon10_2 , Cycle ,10,2,0.1,0.2,3,0.006,2.91,2.916,260,1744,2016,0,0
eilon10_3 , Cycle ,10,2,0.1,0.2,3,0.006,1.9619,1.9679,240,1702,1954,0,0
eilon10_4 , Cycle ,10,2,0.1,0.2,4,0.006,3.189,3.195,268,1882,2162,0,0
eilon10_5 , Cycle ,10,2,0.1,0.2,3,0.006,1.167,1.173,228,1306,1546,0,0
eilon10_1 , Line ,10,2,0.1,0.2,4,0.0079,3.001,3.0089,352,2404,2768,0,0
eilon10_2 , Line ,10,2,0.1,0.2,3,0.007,3.03,3.037,260,1744,2016,0,0
eilon10_3 , Line ,10,2,0.1,0.2,3,0.006,1.9611,1.9671,240,1702,1954,0,0
eilon10_4 , Line ,10,2,0.1,0.2,4,0.006,3.1521,3.1581,268,1882,2162,0,0
eilon10_5 , Line ,10,2,0.1,0.2,3,0.007,1.1571,1.1641,228,1306,1546,0,0
eilon10_1 , Comp ,10,2,0.1,0.2,4,0.0079,3.035,3.043,352,2404,2768,0,0
eilon10_2 , Comp ,10,2,0.1,0.2,3,0.006,3.0919,3.0979,260,1744,2016,0,0
eilon10_3 , Comp ,10,2,0.1,0.2,3,0.006,2.1989,2.2049,240,1702,1954,0,0
eilon10_4 , Comp ,10,2,0.1,0.2,4,0.006,3.1359,3.1419,268,1882,2162,0,0
eilon10_5 , Comp ,10,2,0.1,0.2,3,0.006,1.147,1.153,228,1306,1546,0,0
eilon10_1 , Matching ,10,2,0.1,0.2,4,0.008,2.8969,2.9049,352,2404,2768,0,0
eilon10_2 , Matching ,10,2,0.1,0.2,3,0.007,2.8759,2.8829,260,1744,2016,0,0
eilon10_3 , Matching ,10,2,0.1,0.2,3,0.005,1.984,1.989,240,1702,1954,0,0
eilon10_4 , Matching ,10,2,0.1,0.2,4,0.006,3.184,3.1899,268,1882,2162,0,0
eilon10_5 , Matching ,10,2,0.1,0.2,3,0.006,1.205,1.211,228,1306,1546,0,0
eilon10_1 , Star ,10,6,0.1,0.2,0,0.339,7.5911,7.9301,2292,108008,110316,1,0
eilon10_2 , Star ,10,6,0.1,0.2,6,0.243,6.387,6.63,1468,80412,81896,0,0
eilon10_3 , Star ,10,6,0.1,0.2,0,0.258,5.603,5.861,1320,84010,85346,1,0
eilon10_4 , Star ,10,6,0.1,0.2,6,0.277,7.0558,7.3328,1468,89766,91250,0,0
eilon10_5 , Star ,10,6,0.1,0.2,0,0.202,4.273,4.475,1256,67662,68934,1,0
eilon10_1 , Star-Ring ,10,6,0.1,0.2,0,0.743,12.679,13.422,4702,236510,241228,1,0
eilon10_2 , Star-Ring ,10,6,0.1,0.2,0,0.551,10.3761,10.9271,2868,173910,176794,1,0
eilon10_3 , Star-Ring ,10,6,0.1,0.2,0,0.564,9.3509,9.9149,2540,179930,182486,1,0
eilon10_4 , Star-Ring ,10,6,0.1,0.2,0,0.612,11.0341,11.646,2848,192626,195490,1,0
eilon10_5 , Star-Ring ,10,6,0.1,0.2,0,0.407,7.191,7.598,2406,142338,144760,1,0
eilon10_1 , Cycle ,10,6,0.1,0.2,0,0.182,6.21,6.392,2298,63024,65338,1,0
eilon10_2 , Cycle ,10,6,0.1,0.2,0,0.139,5.2339,5.3729,1524,44586,46126,1,0
eilon10_3 , Cycle ,10,6,0.1,0.2,0,0.121,4.4251,4.5461,1368,45080,46464,1,0
eilon10_4 , Cycle ,10,6,0.1,0.2,0,0.136,5.743,5.879,1548,48262,49826,1,0
eilon10_5 , Cycle ,10,6,0.1,0.2,0,0.087,3.068,3.155,1290,33658,34964,1,0
eilon10_1 , Line ,10,6,0.1,0.2,0,0.1249,5.3301,5.455,1884,44732,46632,1,0
eilon10_2 , Line ,10,6,0.1,0.2,7,0.084,4.602,4.686,1276,31608,32900,0,0
eilon10_3 , Line ,10,6,0.1,0.2,7,0.091,3.772,3.863,1152,32294,33462,0,0
eilon10_4 , Line ,10,6,0.1,0.2,0,0.087,5.0331,5.1201,1300,34382,35698,1,0
eilon10_5 , Line ,10,6,0.1,0.2,7,0.062,2.625,2.687,1088,24206,25310,0,0
eilon10_1 , Comp ,10,6,0.1,0.2,0,1.867,25.6792,27.5462,8472,599940,608428,1,0
eilon10_2 , Comp ,10,6,0.1,0.2,0,1.287,19.893,21.18,4908,448800,453724,1,0
eilon10_3 , Comp ,10,6,0.1,0.2,0,1.463,19.5651,21.0281,4320,467290,471626,1,0
eilon10_4 , Comp ,10,6,0.1,0.2,0,1.54,22.356,23.896,4788,501470,506274,1,0
eilon10_5 , Comp ,10,6,0.1,0.2,0,1.101,15.6202,16.7212,4116,377990,382122,1,0
eilon10_1 , Matching ,10,6,0.1,0.2,8,0.029,4.074,4.103,1056,13212,14284,0,0
eilon10_2 , Matching ,10,6,0.1,0.2,8,0.023,3.681,3.704,780,9048,9844,0,0
eilon10_3 , Matching ,10,6,0.1,0.2,8,0.023,2.814,2.837,720,8922,9658,0,0
eilon10_4 , Matching ,10,6,0.1,0.2,8,0.024,4.1021,4.1261,804,9582,10402,0,0
eilon10_5 , Matching ,10,6,0.1,0.2,7,0.034,1.905,1.939,684,6294,6994,0,0
eilon10_1 , Star ,10,2,0.1,0.5,4,0.006,4.4869,4.4929,240,2126,2378,0,0
eilon10_2 , Star ,10,2,0.1,0.5,5,0.004,5.8381,5.8421,118,612,742,0,0
eilon10_3 , Star ,10,2,0.1,0.5,4,0.004,3.609,3.613,110,510,632,0,0
eilon10_4 , Star ,10,2,0.1,0.5,5,0.003,6.0419,6.0449,124,651,787,0,0
eilon10_5 , Star ,10,2,0.1,0.5,4,0.004,2.582,2.586,116,464,592,0,0
eilon10_1 , Star-Ring ,10,2,0.1,0.5,3,0.017,4.706,4.723,323,6926,7261,0,0
eilon10_2 , Star-Ring ,10,2,0.1,0.5,5,0.006,5.9281,5.9341,139,2138,2289,0,0
eilon10_3 , Star-Ring ,10,2,0.1,0.5,4,0.0049,3.783,3.7879,125,1807,1944,0,0
eilon10_4 , Star-Ring ,10,2,0.1,0.5,5,0.006,6.5389,6.545,148,2303,2463,0,0
eilon10_5 , Star-Ring ,10,2,0.1,0.5,4,0.005,2.4741,2.4791,133,1745,1890,0,0
eilon10_1 , Cycle ,10,2,0.1,0.5,4,0.007,4.5991,4.6061,240,2126,2378,0,0
eilon10_2 , Cycle ,10,2,0.1,0.5,5,0.005,6.2721,6.2771,118,612,742,0,0
eilon10_3 , Cycle ,10,2,0.1,0.5,4,0.0029,3.634,3.6369,110,510,632,0,0
eilon10_4 , Cycle ,10,2,0.1,0.5,5,0.004,6.247,6.251,124,651,787,0,0
eilon10_5 , Cycle ,10,2,0.1,0.5,4,0.004,2.463,2.467,116,464,592,0,0
eilon10_1 , Line ,10,2,0.1,0.5,4,0.007,4.664,4.671,240,2126,2378,0,0
eilon10_2 , Line ,10,2,0.1,0.5,5,0.0039,5.858,5.8619,118,612,742,0,0
eilon10_3 , Line ,10,2,0.1,0.5,4,0.003,3.6181,3.6211,110,510,632,0,0
eilon10_4 , Line ,10,2,0.1,0.5,5,0.0039,7.0521,7.056,124,651,787,0,0
eilon10_5 , Line ,10,2,0.1,0.5,4,0.003,2.546,2.549,116,464,592,0,0
eilon10_1 , Comp ,10,2,0.1,0.5,4,0.006,5.203,5.209,240,2126,2378,0,0
eilon10_2 , Comp ,10,2,0.1,0.5,5,0.0039,5.915,5.9189,118,612,742,0,0
eilon10_3 , Comp ,10,2,0.1,0.5,4,0.004,3.594,3.598,110,510,632,0,0
eilon10_4 , Comp ,10,2,0.1,0.5,5,0.004,5.967,5.971,124,651,787,0,0
eilon10_5 , Comp ,10,2,0.1,0.5,4,0.0049,2.494,2.4989,116,464,592,0,0
eilon10_1 , Matching ,10,2,0.1,0.5,4,0.006,4.6261,4.6321,240,2126,2378,0,0
eilon10_2 , Matching ,10,2,0.1,0.5,5,0.0029,5.994,5.9969,118,612,742,0,0
eilon10_3 , Matching ,10,2,0.1,0.5,4,0.004,3.737,3.741,110,510,632,0,0
eilon10_4 , Matching ,10,2,0.1,0.5,5,0.004,5.975,5.979,124,651,787,0,0
eilon10_5 , Matching ,10,2,0.1,0.5,4,0.004,2.444,2.448,116,464,592,0,0
eilon10_1 , Star ,10,6,0.1,0.5,0,0.236,8.1991,8.4351,1052,90710,91778,1,0
eilon10_2 , Star ,10,6,0.1,0.5,9,0.0639,7.0161,7.08,438,28496,28950,0,0
eilon10_3 , Star ,10,6,0.1,0.5,9,0.0561,4.608,4.6641,390,24330,24736,0,0
eilon10_4 , Star ,10,6,0.1,0.5,9,0.064,8.117,8.181,468,26935,27419,0,0
eilon10_5 , Star ,10,6,0.1,0.5,8,0.054,3.615,3.669,416,24172,24604,0,0
eilon10_1 , Star-Ring ,10,6,0.1,0.5,0,0.542,12.992,13.534,1882,202000,203898,1,0
eilon10_2 , Star-Ring ,10,6,0.1,0.5,8,0.163,8.313,8.476,648,61990,62654,0,0
eilon10_3 , Star-Ring ,10,6,0.1,0.5,9,0.155,5.7209,5.8759,540,52734,53290,0,0
eilon10_4 , Star-Ring ,10,6,0.1,0.5,9,0.147,8.4071,8.5541,708,59678,60402,0,0
eilon10_5 , Star-Ring ,10,6,0.1,0.5,8,0.126,4.5801,4.7061,586,50774,51376,0,0
eilon10_1 , Cycle ,10,6,0.1,0.5,0,0.204,7.2581,7.4621,1218,56522,57756,1,0
eilon10_2 , Cycle ,10,6,0.1,0.5,9,0.037,6.617,6.654,480,16014,16510,0,0
eilon10_3 , Cycle ,10,6,0.1,0.5,9,0.029,4.285,4.314,420,13490,13926,0,0
eilon10_4 , Cycle ,10,6,0.1,0.5,9,0.037,6.6859,6.7229,516,15622,16154,0,0
eilon10_5 , Cycle ,10,6,0.1,0.5,8,0.031,3.0711,3.102,450,11764,12230,0,0
eilon10_1 , Line ,10,6,0.1,0.5,6,0.1629,6.6041,6.767,1052,40026,41094,0,0
eilon10_2 , Line ,10,6,0.1,0.5,9,0.027,6.505,6.532,438,11324,11778,0,0
eilon10_3 , Line ,10,6,0.1,0.5,9,0.022,4.1351,4.1571,390,9526,9932,0,0
eilon10_4 , Line ,10,6,0.1,0.5,9,0.024,6.6291,6.6531,468,10623,11107,0,0
eilon10_5 , Line ,10,6,0.1,0.5,8,0.025,2.8731,2.8981,416,8340,8772,0,0
eilon10_1 , Comp ,10,6,0.1,0.5,0,1.347,23.331,24.678,2712,501370,504098,1,0
eilon10_2 , Comp ,10,6,0.1,0.5,7,0.4001,11.754,12.1541,858,159660,160534,0,0
eilon10_3 , Comp ,10,6,0.1,0.5,6,0.337,8.584,8.921,690,136210,136916,0,0
eilon10_4 , Comp ,10,6,0.1,0.5,6,0.385,11.6731,12.0581,948,154565,155529,0,0
eilon10_5 , Comp ,10,6,0.1,0.5,0,0.322,7.4441,7.7661,756,136160,136932,1,0
eilon10_1 , Matching ,10,6,0.1,0.5,9,0.025,5.5311,5.556,720,12354,13090,0,0
eilon10_2 , Matching ,10,6,0.1,0.5,9,0.009,6.116,6.125,354,3252,3622,0,0
eilon10_3 , Matching ,10,6,0.1,0.5,9,0.008,4.325,4.333,330,2706,3052,0,0
eilon10_4 , Matching ,10,6,0.1,0.5,10,0.012,6.983,6.995,372,3201,3589,0,0
eilon10_5 , Matching ,10,6,0.1,0.5,8,0.008,2.635,2.643,348,2136,2500,0,0
eilon10_1 , Star ,10,2,0.2,0.2,4,0.007,3.796,3.803,344,2570,2926,0,0
eilon10_2 , Star ,10,2,0.2,0.2,5,0.008,21.6471,21.6551,218,2582,2812,0,0
eilon10_3 , Star ,10,2,0.2,0.2,5,0.006,16.186,16.192,196,1973,2181,0,0
eilon10_4 , Star ,10,2,0.2,0.2,5,0.008,18.0581,18.0661,216,2856,3084,0,0
eilon10_5 , Star ,10,2,0.2,0.2,5,0.007,11.402,11.409,254,2291,2557,0,0
eilon10_1 , Star-Ring ,10,2,0.2,0.2,3,0.019,4.055,4.074,508,8676,9196,0,0
eilon10_2 , Star-Ring ,10,2,0.2,0.2,5,0.021,21.2641,21.2851,309,8915,9236,0,0
eilon10_3 , Star-Ring ,10,2,0.2,0.2,5,0.016,16.158,16.174,268,6917,7197,0,0
eilon10_4 , Star-Ring ,10,2,0.2,0.2,5,0.025,18.5731,18.5981,301,10136,10449,0,0
eilon10_5 , Star-Ring ,10,2,0.2,0.2,5,0.022,11.5079,11.5299,361,8352,8725,0,0
eilon10_1 , Cycle ,10,2,0.2,0.2,4,0.008,3.7939,3.8019,344,2570,2926,0,0
eilon10_2 , Cycle ,10,2,0.2,0.2,5,0.009,20.863,20.872,218,2582,2812,0,0
eilon10_3 , Cycle ,10,2,0.2,0.2,5,0.006,15.849,15.855,196,1973,2181,0,0
eilon10_4 , Cycle ,10,2,0.2,0.2,5,0.0089,18.242,18.2509,216,2856,3084,0,0
eilon10_5 , Cycle ,10,2,0.2,0.2,5,0.008,11.2759,11.2839,254,2291,2557,0,0
eilon10_1 , Line ,10,2,0.2,0.2,4,0.008,3.8031,3.8111,344,2570,2926,0,0
eilon10_2 , Line ,10,2,0.2,0.2,5,0.009,21.194,21.203,218,2582,2812,0,0
eilon10_3 , Line ,10,2,0.2,0.2,5,0.007,16.797,16.804,196,1973,2181,0,0
eilon10_4 , Line ,10,2,0.2,0.2,5,0.008,18.191,18.199,216,2856,3084,0,0
eilon10_5 , Line ,10,2,0.2,0.2,5,0.008,11.3101,11.3181,254,2291,2557,0,0
eilon10_1 , Comp ,10,2,0.2,0.2,4,0.008,3.8221,3.8301,344,2570,2926,0,0
eilon10_2 , Comp ,10,2,0.2,0.2,5,0.008,20.9621,20.9701,218,2582,2812,0,0
eilon10_3 , Comp ,10,2,0.2,0.2,5,0.007,15.8153,15.8223,196,1973,2181,0,0
eilon10_4 , Comp ,10,2,0.2,0.2,5,0.008,18.0319,18.04,216,2856,3084,0,0
eilon10_5 , Comp ,10,2,0.2,0.2,5,0.007,11.221,11.228,254,2291,2557,0,0
eilon10_1 , Matching ,10,2,0.2,0.2,4,0.008,3.7819,3.7899,344,2570,2926,0,0
eilon10_2 , Matching ,10,2,0.2,0.2,5,0.008,20.957,20.965,218,2582,2812,0,0
eilon10_3 , Matching ,10,2,0.2,0.2,5,0.009,16.685,16.694,196,1973,2181,0,0
eilon10_4 , Matching ,10,2,0.2,0.2,5,0.008,18.2701,18.2781,216,2856,3084,0,0
eilon10_5 , Matching ,10,2,0.2,0.2,5,0.0069,11.13,11.1369,254,2291,2557,0,0
eilon10_1 , Star ,10,6,0.2,0.2,0,0.35,8.644,8.994,1856,112674,114546,1,0
eilon10_2 , Star ,10,6,0.2,0.2,8,0.303,25.2481,25.5511,1090,94822,95928,0,0
eilon10_3 , Star ,10,6,0.2,0.2,8,0.288,19.2912,19.5792,912,75553,76481,0,0
eilon10_4 , Star ,10,6,0.2,0.2,7,0.4151,22.689,23.1041,1036,103136,104188,0,0
eilon10_5 , Star ,10,6,0.2,0.2,7,0.334,15.04,15.374,1262,84063,85341,0,0
eilon10_1 , Star-Ring ,10,6,0.2,0.2,0,0.789,14.0341,14.8231,3636,247360,251012,1,0
eilon10_2 , Star-Ring ,10,6,0.2,0.2,7,0.73,29.7543,30.4843,2060,217520,219596,0,0
eilon10_3 , Star-Ring ,10,6,0.2,0.2,7,0.722,23.099,23.821,1662,169706,171384,0,0
eilon10_4 , Star-Ring ,10,6,0.2,0.2,6,1.0529,28.2011,29.254,1926,236604,238546,0,0
eilon10_5 , Star-Ring ,10,6,0.2,0.2,7,0.718,19.1991,19.9171,2392,188198,190606,0,0
eilon10_1 , Cycle ,10,6,0.2,0.2,0,0.206,7.165,7.371,2016,66050,68082,1,0
eilon10_2 , Cycle ,10,6,0.2,0.2,8,0.21,23.903,24.113,1200,61086,62302,0,0
eilon10_3 , Cycle ,10,6,0.2,0.2,9,0.127,18.315,18.442,1020,45612,46648,0,0
eilon10_4 , Cycle ,10,6,0.2,0.2,8,0.232,21.5711,21.8031,1158,64932,66106,0,0
eilon10_5 , Cycle ,10,6,0.2,0.2,8,0.178,14.364,14.542,1404,48364,49784,0,0
eilon10_1 , Line ,10,6,0.2,0.2,0,0.169,6.296,6.465,1688,46582,48286,1,0
eilon10_2 , Line ,10,6,0.2,0.2,9,0.115,23.2289,23.3439,1018,40558,41592,0,0
eilon10_3 , Line ,10,6,0.2,0.2,9,0.076,17.682,17.758,876,30325,31217,0,0
eilon10_4 , Line ,10,6,0.2,0.2,9,0.121,20.468,20.589,988,42332,43336,0,0
eilon10_5 , Line ,10,6,0.2,0.2,8,0.1269,14.0881,14.215,1190,31031,32237,0,0
eilon10_1 , Comp ,10,6,0.2,0.2,0,1.962,27.65,29.612,5976,628030,634022,1,0
eilon10_2 , Comp ,10,6,0.2,0.2,0,1.797,42.3411,44.1381,3270,549930,553216,1,0
eilon10_3 , Comp ,10,6,0.2,0.2,0,1.3889,33.027,34.4159,2532,436395,438943,1,0
eilon10_4 , Comp ,10,6,0.2,0.2,6,2.005,42.436,44.441,2976,607920,610912,0,0
eilon10_5 , Comp ,10,6,0.2,0.2,0,1.757,30.649,32.406,3762,497501,501279,1,0
eilon10_1 , Matching ,10,6,0.2,0.2,9,0.029,4.978,5.007,1032,13878,14926,0,0
eilon10_2 , Matching ,10,6,0.2,0.2,10,0.028,22.1911,22.2191,654,13218,13888,0,0
eilon10_3 , Matching ,10,6,0.2,0.2,10,0.021,16.609,16.63,588,9567,10171,0,0
eilon10_4 , Matching ,10,6,0.2,0.2,10,0.032,19.37,19.402,648,13728,14392,0,0
eilon10_5 , Matching ,10,6,0.2,0.2,10,0.024,12.12,12.144,762,9705,10483,0,0
eilon10_1 , Star ,10,2,0.2,0.5,5,0.004,9.367,9.371,116,732,860,0,0
eilon10_2 , Star ,10,2,0.2,0.5,6,0.003,29.2692,29.2722,86,552,650,0,0
eilon10_3 , Star ,10,2,0.2,0.5,6,0.003,22.601,22.604,72,187,271,0,0
eilon10_4 , Star ,10,2,0.2,0.5,6,0.003,27.3369,27.3399,62,0,74,0,0
eilon10_5 , Star ,10,2,0.2,0.5,5,0.004,19.558,19.562,112,610,734,0,0
eilon10_1 , Star-Ring ,10,2,0.2,0.5,5,0.007,9.5381,9.5451,138,2495,2645,0,0
eilon10_2 , Star-Ring ,10,2,0.2,0.5,6,0.005,29.3641,29.3691,99,1890,2001,0,0
eilon10_3 , Star-Ring ,10,2,0.2,0.5,6,0.004,22.4089,22.4129,76,647,735,0,0
eilon10_4 , Star-Ring ,10,2,0.2,0.5,6,0.002,27.3399,27.3419,62,0,74,0,0
eilon10_5 , Star-Ring ,10,2,0.2,0.5,5,0.008,19.682,19.69,136,2311,2459,0,0
eilon10_1 , Cycle ,10,2,0.2,0.5,5,0.004,9.8861,9.8901,116,732,860,0,0
eilon10_2 , Cycle ,10,2,0.2,0.5,6,0.0029,29.4511,29.454,86,552,650,0,0
eilon10_3 , Cycle ,10,2,0.2,0.5,6,0.003,22.633,22.636,72,187,271,0,0
eilon10_4 , Cycle ,10,2,0.2,0.5,6,0.003,28.279,28.282,62,0,74,0,0
eilon10_5 , Cycle ,10,2,0.2,0.5,5,0.004,19.5999,19.6039,112,610,734,0,0
eilon10_1 , Line ,10,2,0.2,0.5,5,0.004,9.551,9.555,116,732,860,0,0
eilon10_2 , Line ,10,2,0.2,0.5,6,0.003,29.1839,29.1869,86,552,650,0,0
eilon10_3 , Line ,10,2,0.2,0.5,6,0.003,22.521,22.524,72,187,271,0,0
eilon10_4 , Line ,10,2,0.2,0.5,6,0.002,28.8621,28.8641,62,0,74,0,0
eilon10_5 , Line ,10,2,0.2,0.5,5,0.004,20.2793,20.2832,112,610,734,0,0
eilon10_1 , Comp ,10,2,0.2,0.5,5,0.003,10.031,10.034,116,732,860,0,0
eilon10_2 , Comp ,10,2,0.2,0.5,6,0.003,31.8271,31.8301,86,552,650,0,0
eilon10_3 , Comp ,10,2,0.2,0.5,6,0.003,23.5221,23.5251,72,187,271,0,0
eilon10_4 , Comp ,10,2,0.2,0.5,6,0.002,28.23,28.232,62,0,74,0,0
eilon10_5 , Comp ,10,2,0.2,0.5,5,0.004,19.6521,19.6561,112,610,734,0,0
eilon10_1 , Matching ,10,2,0.2,0.5,5,0.004,9.621,9.625,116,732,860,0,0
eilon10_2 , Matching ,10,2,0.2,0.5,6,0.004,29.866,29.87,86,552,650,0,0
eilon10_3 , Matching ,10,2,0.2,0.5,6,0.003,22.3179,22.3209,72,187,271,0,0
eilon10_4 , Matching ,10,2,0.2,0.5,6,0.002,28.061,28.063,62,0,74,0,0
eilon10_5 , Matching ,10,2,0.2,0.5,5,0.004,19.7909,19.7949,112,610,734,0,0
eilon10_1 , Star ,10,6,0.2,0.5,9,0.07,10.7791,10.8491,436,29696,30148,0,0
eilon10_2 , Star ,10,6,0.2,0.5,9,0.036,29.9281,29.9641,310,15680,16006,0,0
eilon10_3 , Star ,10,6,0.2,0.5,10,0.013,23.0851,23.0981,232,5347,5595,0,0
eilon10_4 , Star ,10,6,0.2,0.5,10,0.004,27.111,27.115,186,0,202,0,0
eilon10_5 , Star ,10,6,0.2,0.5,10,0.06,20.481,20.541,432,13514,13962,0,0
eilon10_1 , Star-Ring ,10,6,0.2,0.5,9,0.174,13.395,13.569,656,66298,66970,0,0
eilon10_2 , Star-Ring ,10,6,0.2,0.5,9,0.096,32.1541,32.2501,440,38992,39448,0,0
eilon10_3 , Star-Ring ,10,6,0.2,0.5,9,0.026,26.545,26.571,272,13124,13412,0,0
eilon10_4 , Star-Ring ,10,6,0.2,0.5,10,0.003,28.221,28.224,186,0,202,0,0
eilon10_5 , Star-Ring ,10,6,0.2,0.5,9,0.129,21.186,21.315,672,34636,35324,0,0
eilon10_1 , Cycle ,10,6,0.2,0.5,9,0.042,10.349,10.391,480,18216,18712,0,0
eilon10_2 , Cycle ,10,6,0.2,0.5,9,0.027,30.0461,30.0731,336,12164,12516,0,0
eilon10_3 , Cycle ,10,6,0.2,0.5,10,0.011,22.7659,22.7769,240,4028,4284,0,0
eilon10_4 , Cycle ,10,6,0.2,0.5,10,0.003,27.1702,27.1732,186,0,202,0,0
eilon10_5 , Cycle ,10,6,0.2,0.5,10,0.031,20.1499,20.1809,480,10010,10506,0,0
eilon10_1 , Line ,10,6,0.2,0.5,9,0.028,10.085,10.113,436,12416,12868,0,0
eilon10_2 , Line ,10,6,0.2,0.5,9,0.018,29.488,29.506,310,7584,7910,0,0
eilon10_3 , Line ,10,6,0.2,0.5,10,0.0081,22.9111,22.9191,232,2471,2719,0,0
eilon10_4 , Line ,10,6,0.2,0.5,10,0.004,27.4661,27.4701,186,0,202,0,0
eilon10_5 , Line ,10,6,0.2,0.5,10,0.0161,21.031,21.0471,432,5046,5494,0,0
eilon10_1 , Comp ,10,6,0.2,0.5,6,0.436,16.611,17.047,876,166980,167872,0,0
eilon10_2 , Comp ,10,6,0.2,0.5,8,0.379,33.668,34.047,570,96040,96626,0,0
eilon10_3 , Comp ,10,6,0.2,0.5,8,0.066,26.618,26.684,312,32485,32813,0,0
eilon10_4 , Comp ,10,6,0.2,0.5,10,0.003,26.7239,26.7269,186,0,202,0,0
eilon10_5 , Comp ,10,6,0.2,0.5,8,0.393,23.744,24.137,912,92326,93254,0,0
eilon10_1 , Matching ,10,6,0.2,0.5,10,0.031,12.9123,12.9433,348,3900,4264,0,0
eilon10_2 , Matching ,10,6,0.2,0.5,10,0.008,36.1575,36.1655,258,2808,3082,0,0
eilon10_3 , Matching ,10,6,0.2,0.5,10,0.006,26.2785,26.2845,216,921,1153,0,0
eilon10_4 , Matching ,10,6,0.2,0.5,10,0.005,34.8654,34.8704,186,0,202,0,0
eilon10_5 , Matching ,10,6,0.2,0.5,10,0.012,24.164,24.176,336,2142,2494,0,0
eilon10_1 , Star ,10,2,0.3,0.2,4,0.029,13.0996,13.1286,228,2334,2574,0,0
eilon10_2 , Star ,10,2,0.3,0.2,7,0.01,115.002,115.012,148,2826,2986,0,0
eilon10_3 , Star ,10,2,0.3,0.2,7,0.07,151.9539,152.0239,88,2715,2815,0,0
eilon10_4 , Star ,10,2,0.3,0.2,7,0.009,128.252,128.261,110,2879,3001,0,0
eilon10_5 , Star ,10,2,0.3,0.2,6,0.042,133.2826,133.3246,154,4499,4665,0,0
eilon10_1 , Star-Ring ,10,2,0.3,0.2,4,0.034,11.014,11.048,322,8232,8566,0,0
eilon10_2 , Star-Ring ,10,2,0.3,0.2,7,0.041,129.3001,129.3411,206,10209,10427,0,0
eilon10_3 , Star-Ring ,10,2,0.3,0.2,7,0.042,152.5589,152.6009,118,10019,10149,0,0
eilon10_4 , Star-Ring ,10,2,0.3,0.2,6,0.055,139.6977,139.7527,151,10146,10309,0,0
eilon10_5 , Star-Ring ,10,2,0.3,0.2,6,0.059,137.8425,137.9015,217,16276,16505,0,0
eilon10_1 , Cycle ,10,2,0.3,0.2,4,0.036,12.892,12.928,228,2334,2574,0,0
eilon10_2 , Cycle ,10,2,0.3,0.2,7,0.012,124.0263,124.0383,148,2826,2986,0,0
eilon10_3 , Cycle ,10,2,0.3,0.2,7,0.029,160.3937,160.4227,88,2715,2815,0,0
eilon10_4 , Cycle ,10,2,0.3,0.2,7,0.0109,137.982,137.993,110,2879,3001,0,0
eilon10_5 , Cycle ,10,2,0.3,0.2,6,0.038,140.5768,140.6148,154,4499,4665,0,0
eilon10_1 , Line ,10,2,0.3,0.2,4,0.032,11.327,11.359,228,2334,2574,0,0
eilon10_2 , Line ,10,2,0.3,0.2,7,0.012,121.1659,121.1779,148,2826,2986,0,0
eilon10_3 , Line ,10,2,0.3,0.2,7,0.024,157.3094,157.3334,88,2715,2815,0,0
eilon10_4 , Line ,10,2,0.3,0.2,7,0.011,137.619,137.63,110,2879,3001,0,0
eilon10_5 , Line ,10,2,0.3,0.2,6,0.041,133.4307,133.4717,154,4499,4665,0,0
eilon10_1 , Comp ,10,2,0.3,0.2,4,0.034,10.4723,10.5063,228,2334,2574,0,0
eilon10_2 , Comp ,10,2,0.3,0.2,7,0.0109,114.5884,114.5993,148,2826,2986,0,0
eilon10_3 , Comp ,10,2,0.3,0.2,7,0.03,150.901,150.931,88,2715,2815,0,0
eilon10_4 , Comp ,10,2,0.3,0.2,7,0.011,130.6941,130.7051,110,2879,3001,0,0
eilon10_5 , Comp ,10,2,0.3,0.2,6,0.035,128.4261,128.4611,154,4499,4665,0,0
eilon10_1 , Matching ,10,2,0.3,0.2,4,0.029,9.3991,9.4281,228,2334,2574,0,0
eilon10_2 , Matching ,10,2,0.3,0.2,7,0.01,99.925,99.935,148,2826,2986,0,0
eilon10_3 , Matching ,10,2,0.3,0.2,7,0.021,126.347,126.368,88,2715,2815,0,0
eilon10_4 , Matching ,10,2,0.3,0.2,7,0.01,116.451,116.461,110,2879,3001,0,0
eilon10_5 , Matching ,10,2,0.3,0.2,6,0.034,117.508,117.542,154,4499,4665,0,0
eilon10_1 , Star ,10,6,0.3,0.2,6,0.292,13.0871,13.3791,1144,90062,91222,0,0
eilon10_2 , Star ,10,6,0.3,0.2,9,0.55,104.117,104.667,676,73902,74594,0,0
eilon10_3 , Star ,10,6,0.3,0.2,9,0.388,128.284,128.672,384,53403,53803,0,0
eilon10_4 , Star ,10,6,0.3,0.2,10,0.227,119.0511,119.2781,494,45323,45833,0,0
eilon10_5 , Star ,10,6,0.3,0.2,10,0.674,123.088,123.762,714,105591,106321,0,0
eilon10_1 , Star-Ring ,10,6,0.3,0.2,6,0.73,17.526,18.256,2154,202108,204278,0,0
eilon10_2 , Star-Ring ,10,6,0.3,0.2,9,0.866,108.007,108.873,1256,181950,183222,0,0
eilon10_3 , Star-Ring ,10,6,0.3,0.2,9,1.1401,132.642,133.7821,684,143256,143956,0,0
eilon10_4 , Star-Ring ,10,6,0.3,0.2,9,0.553,123.012,123.565,904,130414,131334,0,0
eilon10_5 , Star-Ring ,10,6,0.3,0.2,8,2.467,131.941,134.408,1344,268906,270266,0,0
eilon10_1 , Cycle ,10,6,0.3,0.2,7,0.239,12.199,12.438,1248,54012,55276,0,0
eilon10_2 , Cycle ,10,6,0.3,0.2,9,0.19,104.7615,104.9515,792,53760,54568,0,0
eilon10_3 , Cycle ,10,6,0.3,0.2,9,0.198,128.47,128.668,444,44322,44782,0,0
eilon10_4 , Cycle ,10,6,0.3,0.2,10,0.153,120.1182,120.2712,576,45622,46214,0,0
eilon10_5 , Cycle ,10,6,0.3,0.2,10,0.312,124.754,125.066,840,81476,82332,0,0
eilon10_1 , Line ,10,6,0.3,0.2,9,0.098,11.2951,11.3931,1060,35954,37030,0,0
eilon10_2 , Line ,10,6,0.3,0.2,9,0.086,103.408,103.494,676,30558,31250,0,0
eilon10_3 , Line ,10,6,0.3,0.2,9,0.075,127.909,127.984,384,22143,22543,0,0
eilon10_4 , Line ,10,6,0.3,0.2,10,0.051,118.2351,118.2861,494,21823,22333,0,0
eilon10_5 , Line ,10,6,0.3,0.2,10,0.137,121.0651,121.2021,714,44899,45629,0,0
eilon10_1 , Comp ,10,6,0.3,0.2,0,1.687,29.5612,31.2482,3444,521130,524590,1,0
eilon10_2 , Comp ,10,6,0.3,0.2,7,1.721,120.123,121.844,1836,465510,467362,0,0
eilon10_3 , Comp ,10,6,0.3,0.2,8,1.826,140.977,142.803,984,374181,375181,0,0
eilon10_4 , Comp ,10,6,0.3,0.2,7,1.36,130.724,132.084,1314,321233,322563,0,0
eilon10_5 , Comp ,10,6,0.3,0.2,7,2.882,146.409,149.291,1974,690685,692675,0,0
eilon10_1 , Matching ,10,6,0.3,0.2,10,0.024,10.413,10.437,684,11250,11950,0,0
eilon10_2 , Matching ,10,6,0.3,0.2,10,0.026,101.052,101.078,444,11910,12370,0,0
eilon10_3 , Matching ,10,6,0.3,0.2,10,0.03,127.469,127.499,264,10041,10321,0,0
eilon10_4 , Matching ,10,6,0.3,0.2,10,0.029,118.771,118.8,330,11277,11623,0,0
eilon10_5 , Matching ,10,6,0.3,0.2,10,0.043,118.991,119.034,462,18345,18823,0,0
eilon10_1 , Star ,10,2,0.3,0.5,6,0.003,14.748,14.751,86,315,413,0,0
eilon10_2 , Star ,10,2,0.3,0.5,9,0.003,124.807,124.81,32,0,44,0,0
eilon10_3 , Star ,10,2,0.3,0.5,9,0.01,154.4531,154.4631,28,2,42,0,0
eilon10_4 , Star ,10,2,0.3,0.5,9,0.002,151.581,151.583,28,6,46,0,0
eilon10_5 , Star ,10,2,0.3,0.5,9,0.003,149.2652,149.2682,28,0,40,0,0
eilon10_1 , Star-Ring ,10,2,0.3,0.5,6,0.004,14.83,14.834,95,1071,1178,0,0
eilon10_2 , Star-Ring ,10,2,0.3,0.5,9,0.002,125.528,125.53,32,0,44,0,0
eilon10_3 , Star-Ring ,10,2,0.3,0.5,9,0.006,148.72,148.726,28,2,42,0,0
eilon10_4 , Star-Ring ,10,2,0.3,0.5,9,0.002,145.7909,145.7929,28,6,46,0,0
eilon10_5 , Star-Ring ,10,2,0.3,0.5,9,0.003,149.071,149.074,28,0,40,0,0
eilon10_1 , Cycle ,10,2,0.3,0.5,6,0.003,14.736,14.739,86,315,413,0,0
eilon10_2 , Cycle ,10,2,0.3,0.5,9,0.003,127.3681,127.3711,32,0,44,0,0
eilon10_3 , Cycle ,10,2,0.3,0.5,9,0.006,148.3041,148.3101,28,2,42,0,0
eilon10_4 , Cycle ,10,2,0.3,0.5,9,0.002,147.32,147.322,28,6,46,0,0
eilon10_5 , Cycle ,10,2,0.3,0.5,9,0.002,149.734,149.736,28,0,40,0,0
eilon10_1 , Line ,10,2,0.3,0.5,6,0.003,14.974,14.977,86,315,413,0,0
eilon10_2 , Line ,10,2,0.3,0.5,9,0.002,126.4149,126.4169,32,0,44,0,0
eilon10_3 , Line ,10,2,0.3,0.5,9,0.006,148.61,148.616,28,2,42,0,0
eilon10_4 , Line ,10,2,0.3,0.5,9,0.002,145.115,145.117,28,6,46,0,0
eilon10_5 , Line ,10,2,0.3,0.5,9,0.003,149.6055,149.6085,28,0,40,0,0
eilon10_1 , Comp ,10,2,0.3,0.5,6,0.003,14.6512,14.6542,86,315,413,0,0
eilon10_2 , Comp ,10,2,0.3,0.5,9,0.003,126.8291,126.8321,32,0,44,0,0
eilon10_3 , Comp ,10,2,0.3,0.5,9,0.006,149.2791,149.2851,28,2,42,0,0
eilon10_4 , Comp ,10,2,0.3,0.5,9,0.002,147.261,147.263,28,6,46,0,0
eilon10_5 , Comp ,10,2,0.3,0.5,9,0.002,149.8651,149.8671,28,0,40,0,0
eilon10_1 , Matching ,10,2,0.3,0.5,6,0.003,14.9259,14.929,86,315,413,0,0
eilon10_2 , Matching ,10,2,0.3,0.5,9,0.002,127.38,127.382,32,0,44,0,0
eilon10_3 , Matching ,10,2,0.3,0.5,9,0.006,148.521,148.527,28,2,42,0,0
eilon10_4 , Matching ,10,2,0.3,0.5,9,0.002,147.821,147.823,28,6,46,0,0
eilon10_5 , Matching ,10,2,0.3,0.5,9,0.002,149.54,149.542,28,0,40,0,0
eilon10_1 , Star ,10,6,0.3,0.5,10,0.02,15.3022,15.3222,294,9671,9981,0,0
eilon10_2 , Star ,10,6,0.3,0.5,10,0.004,126.0003,126.0043,96,0,112,0,0
eilon10_3 , Star ,10,6,0.3,0.5,10,0.0019,147.5201,147.522,84,6,106,0,0
eilon10_4 , Star ,10,6,0.3,0.5,10,0.003,145.654,145.657,84,18,118,0,0
eilon10_5 , Star ,10,6,0.3,0.5,10,0.003,149.608,149.611,84,0,100,0,0
eilon10_1 , Star-Ring ,10,6,0.3,0.5,9,0.047,15.7021,15.7491,384,22954,23354,0,0
eilon10_2 , Star-Ring ,10,6,0.3,0.5,10,0.003,128.2161,128.2191,96,0,112,0,0
eilon10_3 , Star-Ring ,10,6,0.3,0.5,10,0.003,147.5639,147.5669,84,6,106,0,0
eilon10_4 , Star-Ring ,10,6,0.3,0.5,10,0.003,145.6479,145.6509,84,18,118,0,0
eilon10_5 , Star-Ring ,10,6,0.3,0.5,10,0.002,149.671,149.673,84,0,100,0,0
eilon10_1 , Cycle ,10,6,0.3,0.5,9,0.019,15.3071,15.3261,312,6824,7152,0,0
eilon10_2 , Cycle ,10,6,0.3,0.5,10,0.003,125.785,125.788,96,0,112,0,0
eilon10_3 , Cycle ,10,6,0.3,0.5,10,0.003,148.894,148.897,84,6,106,0,0
eilon10_4 , Cycle ,10,6,0.3,0.5,10,0.003,145.6331,145.6361,84,18,118,0,0
eilon10_5 , Cycle ,10,6,0.3,0.5,10,0.003,151.2252,151.2282,84,0,100,0,0
eilon10_1 , Line ,10,6,0.3,0.5,10,0.011,15.2641,15.2751,294,4299,4609,0,0
eilon10_2 , Line ,10,6,0.3,0.5,10,0.004,127.454,127.458,96,0,112,0,0
eilon10_3 , Line ,10,6,0.3,0.5,10,0.003,147.317,147.32,84,6,106,0,0
eilon10_4 , Line ,10,6,0.3,0.5,10,0.003,146.431,146.434,84,18,118,0,0
eilon10_5 , Line ,10,6,0.3,0.5,10,0.003,151.7042,151.7072,84,0,100,0,0
eilon10_1 , Comp ,10,6,0.3,0.5,7,0.136,16.591,16.727,474,57085,57575,0,0
eilon10_2 , Comp ,10,6,0.3,0.5,10,0.004,126.555,126.559,96,0,112,0,0
eilon10_3 , Comp ,10,6,0.3,0.5,10,0.003,148.3881,148.3911,84,6,106,0,0
eilon10_4 , Comp ,10,6,0.3,0.5,10,0.003,144.9631,144.9661,84,18,118,0,0
eilon10_5 , Comp ,10,6,0.3,0.5,10,0.003,150.087,150.09,84,0,100,0,0
eilon10_1 , Matching ,10,6,0.3,0.5,10,0.0061,14.871,14.8771,258,1545,1819,0,0
eilon10_2 , Matching ,10,6,0.3,0.5,10,0.004,127.2091,127.2131,96,0,112,0,0
eilon10_3 , Matching ,10,6,0.3,0.5,10,0.003,148.5182,148.5212,84,6,106,0,0
eilon10_4 , Matching ,10,6,0.3,0.5,10,0.003,147.9192,147.9222,84,18,118,0,0
eilon10_5 , Matching ,10,6,0.3,0.5,10,0.003,151.183,151.186,84,0,100,0,0
eilon20_1 , Star ,20,2,0.1,0.2,7,0.129,100.5475,100.6765,1760,21201,22983,0,0
eilon20_2 , Star ,20,2,0.1,0.2,7,0.099,121.831,121.93,1550,20482,22054,0,0
eilon20_3 , Star ,20,2,0.1,0.2,6,0.067,80.8361,80.9031,1550,20802,22374,0,0
eilon20_4 , Star ,20,2,0.1,0.2,6,0.062,55.138,55.2,1452,18238,19712,0,0
eilon20_5 , Star ,20,2,0.1,0.2,5,0.058,26.907,26.965,1512,16505,18039,0,0
eilon20_1 , Star-Ring ,20,2,0.1,0.2,7,0.342,88.351,88.693,2626,80961,83609,0,0
eilon20_2 , Star-Ring ,20,2,0.1,0.2,7,0.384,117.817,118.201,2264,80666,82952,0,0
eilon20_3 , Star-Ring ,20,2,0.1,0.2,6,0.316,82.5831,82.8991,2273,80317,82612,0,0
eilon20_4 , Star-Ring ,20,2,0.1,0.2,6,0.258,58.417,58.675,2142,69941,72105,0,0
eilon20_5 , Star-Ring ,20,2,0.1,0.2,5,0.23,28.655,28.885,2275,62928,65225,0,0
eilon20_1 , Cycle ,20,2,0.1,0.2,7,0.115,86.066,86.181,1760,21201,22983,0,0
eilon20_2 , Cycle ,20,2,0.1,0.2,7,0.1,114.058,114.158,1550,20482,22054,0,0
eilon20_3 , Cycle ,20,2,0.1,0.2,6,0.067,79.8541,79.9211,1550,20802,22374,0,0
eilon20_4 , Cycle ,20,2,0.1,0.2,6,0.064,54.8711,54.9351,1452,18238,19712,0,0
eilon20_5 , Cycle ,20,2,0.1,0.2,5,0.059,27.2981,27.3571,1512,16505,18039,0,0
eilon20_1 , Line ,20,2,0.1,0.2,7,0.119,86.4631,86.5821,1760,21201,22983,0,0
eilon20_2 , Line ,20,2,0.1,0.2,7,0.1,115.952,116.052,1550,20482,22054,0,0
eilon20_3 , Line ,20,2,0.1,0.2,6,0.067,79.246,79.313,1550,20802,22374,0,0
eilon20_4 , Line ,20,2,0.1,0.2,6,0.063,54.775,54.838,1452,18238,19712,0,0
eilon20_5 , Line ,20,2,0.1,0.2,5,0.058,26.841,26.899,1512,16505,18039,0,0
eilon20_1 , Comp ,20,2,0.1,0.2,7,0.115,85.532,85.647,1760,21201,22983,0,0
eilon20_2 , Comp ,20,2,0.1,0.2,7,0.099,115.079,115.178,1550,20482,22054,0,0
eilon20_3 , Comp ,20,2,0.1,0.2,6,0.067,79.292,79.359,1550,20802,22374,0,0
eilon20_4 , Comp ,20,2,0.1,0.2,6,0.062,54.572,54.634,1452,18238,19712,0,0
eilon20_5 , Comp ,20,2,0.1,0.2,5,0.058,26.809,26.867,1512,16505,18039,0,0
eilon20_1 , Matching ,20,2,0.1,0.2,7,0.117,85.717,85.834,1760,21201,22983,0,0
eilon20_2 , Matching ,20,2,0.1,0.2,7,0.099,113.684,113.783,1550,20482,22054,0,0
eilon20_3 , Matching ,20,2,0.1,0.2,6,0.067,80.266,80.333,1550,20802,22374,0,0
eilon20_4 , Matching ,20,2,0.1,0.2,6,0.066,54.38,54.446,1452,18238,19712,0,0
eilon20_5 , Matching ,20,2,0.1,0.2,5,0.058,26.824,26.882,1512,16505,18039,0,0
eilon20_1 , Star ,20,6,0.1,0.2,11,6.766,128.089,134.855,9644,933401,943071,0,0
eilon20_2 , Star ,20,6,0.1,0.2,11,8.773,156.1411,164.9141,8118,896562,904706,0,0
eilon20_3 , Star ,20,6,0.1,0.2,10,5.885,121.155,127.04,8226,944010,952262,0,0
eilon20_4 , Star ,20,6,0.1,0.2,9,5.013,92.9061,97.9191,7920,863850,871796,0,0
eilon20_5 , Star ,20,6,0.1,0.2,8,3.389,62.1071,65.4961,8668,809105,817799,0,0
eilon20_1 , Star-Ring ,20,6,0.1,0.2,10,13.091,170.5801,183.6711,19054,2011800,2030880,0,0
eilon20_2 , Star-Ring ,20,6,0.1,0.2,11,13.541,198.996,212.537,15768,1919572,1935366,0,0
eilon20_3 , Star-Ring ,20,6,0.1,0.2,9,10.738,166.332,177.07,16026,2018632,2034684,0,0
eilon20_4 , Star-Ring ,20,6,0.1,0.2,9,8.632,133.19,141.822,15490,1836362,1851878,0,0
eilon20_5 , Star-Ring ,20,6,0.1,0.2,7,6.964,98.592,105.556,17198,1711944,1729168,0,0
eilon20_1 , Cycle ,20,6,0.1,0.2,11,3.263,113.2599,116.5229,10476,473878,484380,0,0
eilon20_2 , Cycle ,20,6,0.1,0.2,12,3.567,138.4169,141.9839,8934,435080,444040,0,0
eilon20_3 , Cycle ,20,6,0.1,0.2,11,2.84,106.1449,108.9849,8988,467120,476134,0,0
eilon20_4 , Cycle ,20,6,0.1,0.2,11,2.862,78.6001,81.4621,8496,424178,432700,0,0
eilon20_5 , Cycle ,20,6,0.1,0.2,9,2.296,49.1681,51.464,9114,394268,403408,0,0
eilon20_1 , Line ,20,6,0.1,0.2,14,1.591,105.3871,106.9781,8744,315721,324491,0,0
eilon20_2 , Line ,20,6,0.1,0.2,15,2.023,131.891,133.914,7506,282058,289590,0,0
eilon20_3 , Line ,20,6,0.1,0.2,14,1.565,98.605,100.17,7542,311458,319026,0,0
eilon20_4 , Line ,20,6,0.1,0.2,12,1.918,72.941,74.859,7116,288730,295872,0,0
eilon20_5 , Line ,20,6,0.1,0.2,11,1.452,43.569,45.021,7588,273069,280683,0,0
eilon20_1 , Comp ,20,6,0.1,0.2,9,26.508,303.614,330.122,31464,5448071,5479561,0,0
eilon20_2 , Comp ,20,6,0.1,0.2,9,22.443,325.5631,348.0061,25458,5284990,5310474,0,0
eilon20_3 , Comp ,20,6,0.1,0.2,6,21.85,294.905,316.755,26106,5488870,5515002,0,0
eilon20_4 , Comp ,20,6,0.1,0.2,6,19.068,252.4701,271.5381,25740,4976986,5002752,0,0
eilon20_5 , Comp ,20,6,0.1,0.2,6,16.583,204.7103,221.2933,29328,4631695,4661049,0,0
eilon20_1 , Matching ,20,6,0.1,0.2,14,0.525,94.195,94.72,5280,86835,92141,0,0
eilon20_2 , Matching ,20,6,0.1,0.2,15,0.597,123.216,123.813,4650,75894,80570,0,0
eilon20_3 , Matching ,20,6,0.1,0.2,14,0.443,88.436,88.879,4650,83838,88514,0,0
eilon20_4 , Matching ,20,6,0.1,0.2,14,0.411,63.619,64.03,4356,76218,80600,0,0
eilon20_5 , Matching ,20,6,0.1,0.2,12,0.349,34.8551,35.2041,4536,70779,75341,0,0
eilon20_1 , Star ,20,2,0.1,0.5,7,0.071,163.494,163.565,956,12689,13667,0,0
eilon20_2 , Star ,20,2,0.1,0.5,8,0.037,209.3181,209.3551,790,9927,10739,0,0
eilon20_3 , Star ,20,2,0.1,0.5,8,0.026,174.8131,174.8391,648,8113,8783,0,0
eilon20_4 , Star ,20,2,0.1,0.5,7,0.02,124.639,124.659,604,6541,7167,0,0
eilon20_5 , Star ,20,2,0.1,0.5,5,0.041,69.29,69.331,838,9480,10340,0,0
eilon20_1 , Star-Ring ,20,2,0.1,0.5,7,0.197,166.976,167.173,1270,47061,48353,0,0
eilon20_2 , Star-Ring ,20,2,0.1,0.5,8,0.145,214.404,214.549,1022,38275,39319,0,0
eilon20_3 , Star-Ring ,20,2,0.1,0.5,8,0.099,175.577,175.676,806,30983,31811,0,0
eilon20_4 , Star-Ring ,20,2,0.1,0.5,7,0.064,124.465,124.529,736,24472,25230,0,0
eilon20_5 , Star-Ring ,20,2,0.1,0.5,5,0.118,70.189,70.307,1084,35322,36428,0,0
eilon20_1 , Cycle ,20,2,0.1,0.5,7,0.071,163.128,163.199,956,12689,13667,0,0
eilon20_2 , Cycle ,20,2,0.1,0.5,8,0.041,214.1471,214.1881,790,9927,10739,0,0
eilon20_3 , Cycle ,20,2,0.1,0.5,8,0.027,175.68,175.707,648,8113,8783,0,0
eilon20_4 , Cycle ,20,2,0.1,0.5,7,0.02,123.7231,123.7431,604,6541,7167,0,0
eilon20_5 , Cycle ,20,2,0.1,0.5,5,0.042,68.3061,68.3481,838,9480,10340,0,0
eilon20_1 , Line ,20,2,0.1,0.5,7,0.071,163.577,163.648,956,12689,13667,0,0
eilon20_2 , Line ,20,2,0.1,0.5,8,0.036,211.698,211.734,790,9927,10739,0,0
eilon20_3 , Line ,20,2,0.1,0.5,8,0.026,175.7521,175.7781,648,8113,8783,0,0
eilon20_4 , Line ,20,2,0.1,0.5,7,0.02,124.303,124.323,604,6541,7167,0,0
eilon20_5 , Line ,20,2,0.1,0.5,5,0.041,68.2391,68.28,838,9480,10340,0,0
eilon20_1 , Comp ,20,2,0.1,0.5,7,0.071,164.9071,164.9781,956,12689,13667,0,0
eilon20_2 , Comp ,20,2,0.1,0.5,8,0.038,212.7731,212.8111,790,9927,10739,0,0
eilon20_3 , Comp ,20,2,0.1,0.5,8,0.025,175.9071,175.9321,648,8113,8783,0,0
eilon20_4 , Comp ,20,2,0.1,0.5,7,0.022,125.152,125.174,604,6541,7167,0,0
eilon20_5 , Comp ,20,2,0.1,0.5,5,0.043,68.02,68.063,838,9480,10340,0,0
eilon20_1 , Matching ,20,2,0.1,0.5,7,0.071,164.443,164.514,956,12689,13667,0,0
eilon20_2 , Matching ,20,2,0.1,0.5,8,0.037,211.689,211.726,790,9927,10739,0,0
eilon20_3 , Matching ,20,2,0.1,0.5,8,0.026,175.4141,175.4401,648,8113,8783,0,0
eilon20_4 , Matching ,20,2,0.1,0.5,7,0.021,124.6481,124.6691,604,6541,7167,0,0
eilon20_5 , Matching ,20,2,0.1,0.5,5,0.042,67.664,67.706,838,9480,10340,0,0
eilon20_1 , Star ,20,6,0.1,0.5,15,2.37,181.702,184.072,4124,403261,407411,0,0
eilon20_2 , Star ,20,6,0.1,0.5,16,2.66,223.956,226.616,3298,285999,289323,0,0
eilon20_3 , Star ,20,6,0.1,0.5,15,1.371,186.403,187.774,2576,257313,259915,0,0
eilon20_4 , Star ,20,6,0.1,0.5,14,1.146,134.3661,135.5121,2340,249689,252055,0,0
eilon20_5 , Star ,20,6,0.1,0.5,13,1.529,85.126,86.655,3498,383192,386716,0,0
eilon20_1 , Star-Ring ,20,6,0.1,0.5,13,13.53,206.0352,219.5652,7264,939770,947060,0,0
eilon20_2 , Star-Ring ,20,6,0.1,0.5,16,4.161,238.823,242.984,5618,681796,687440,0,0
eilon20_3 , Star-Ring ,20,6,0.1,0.5,15,2.739,198.613,201.352,4156,598132,602314,0,0
eilon20_4 , Star-Ring ,20,6,0.1,0.5,14,2.514,147.954,150.468,3660,558082,561768,0,0
eilon20_5 , Star-Ring ,20,6,0.1,0.5,12,3.626,102.535,106.161,5958,846352,852336,0,0
eilon20_1 , Cycle ,20,6,0.1,0.5,14,2.305,176.9559,179.2609,4752,253014,257792,0,0
eilon20_2 , Cycle ,20,6,0.1,0.5,16,0.879,221.7791,222.6581,3762,181646,185434,0,0
eilon20_3 , Cycle ,20,6,0.1,0.5,15,0.628,181.6391,182.2671,2892,157308,160226,0,0
eilon20_4 , Cycle ,20,6,0.1,0.5,15,0.483,130.2989,130.7819,2604,142182,144812,0,0
eilon20_5 , Cycle ,20,6,0.1,0.5,13,0.711,80.138,80.849,3990,211820,215836,0,0
eilon20_1 , Line ,20,6,0.1,0.5,15,0.627,173.2262,173.8532,4124,151777,155927,0,0
eilon20_2 , Line ,20,6,0.1,0.5,16,0.388,216.237,216.625,3298,100507,103831,0,0
eilon20_3 , Line ,20,6,0.1,0.5,15,0.351,180.1233,180.4743,2576,91161,93763,0,0
eilon20_4 , Line ,20,6,0.1,0.5,15,0.311,129.5122,129.8232,2340,90485,92851,0,0
eilon20_5 , Line ,20,6,0.1,0.5,13,0.431,76.0299,76.4609,3498,138612,142136,0,0
eilon20_1 , Comp ,20,6,0.1,0.5,12,15.048,259.98,275.028,10404,2475351,2485781,0,0
eilon20_2 , Comp ,20,6,0.1,0.5,12,12.178,284.41,296.588,7938,1833385,1841349,0,0
eilon20_3 , Comp ,20,6,0.1,0.5,12,6.556,235.612,242.168,5736,1594815,1600577,0,0
eilon20_4 , Comp ,20,6,0.1,0.5,11,4.651,177.6151,182.2661,4980,1478811,1483817,0,0
eilon20_5 , Comp ,20,6,0.1,0.5,9,7.378,152.2981,159.6761,8418,2249560,2258004,0,0
eilon20_1 , Matching ,20,6,0.1,0.5,15,0.216,169.2151,169.4311,2868,52251,55145,0,0
eilon20_2 , Matching ,20,6,0.1,0.5,16,0.1951,213.374,213.5691,2370,36573,38969,0,0
eilon20_3 , Matching ,20,6,0.1,0.5,15,0.094,177.857,177.951,1944,31515,33485,0,0
eilon20_4 , Matching ,20,6,0.1,0.5,15,0.085,127.153,127.238,1812,28047,29885,0,0
eilon20_5 , Matching ,20,6,0.1,0.5,13,0.141,73.915,74.056,2514,41256,43796,0,0
eilon20_1 , Star ,20,2,0.2,0.2,10,0.414,1015.8281,1016.2421,2178,79076,81276,0,0
eilon20_2 , Star ,20,2,0.2,0.2,11,0.699,2106.762,2107.461,2276,131274,133572,0,0
eilon20_3 , Star ,20,2,0.2,0.2,10,0.383,1297.8382,1298.2212,1740,73803,75565,0,0
eilon20_4 , Star ,20,2,0.2,0.2,8,0.428,1065.2221,1065.6501,2150,80318,82490,0,0
eilon20_5 , Star ,20,2,0.2,0.2,7,0.398,460.2721,460.6701,2514,69224,71760,0,0
eilon20_1 , Star-Ring ,20,2,0.2,0.2,10,1.598,1033.61,1035.208,3208,319808,323038,0,0
eilon20_2 , Star-Ring ,20,2,0.2,0.2,11,2.8389,2123.8571,2126.6961,3347,535980,539349,0,0
eilon20_3 , Star-Ring ,20,2,0.2,0.2,10,1.423,1297.1111,1298.5341,2520,294365,296907,0,0
eilon20_4 , Star-Ring ,20,2,0.2,0.2,8,1.723,1079.4101,1081.1331,3142,323223,326387,0,0
eilon20_5 , Star-Ring ,20,2,0.2,0.2,7,1.429,466.8741,468.3031,3717,277476,281215,0,0
eilon20_1 , Cycle ,20,2,0.2,0.2,10,0.413,1029.9081,1030.3211,2178,79076,81276,0,0
eilon20_2 , Cycle ,20,2,0.2,0.2,11,0.684,2099.7211,2100.4051,2276,131274,133572,0,0
eilon20_3 , Cycle ,20,2,0.2,0.2,10,0.382,1294.1721,1294.5541,1740,73803,75565,0,0
eilon20_4 , Cycle ,20,2,0.2,0.2,8,0.424,1070.696,1071.12,2150,80318,82490,0,0
eilon20_5 , Cycle ,20,2,0.2,0.2,7,0.394,456.634,457.028,2514,69224,71760,0,0
eilon20_1 , Line ,20,2,0.2,0.2,10,0.412,1011.5771,1011.9891,2178,79076,81276,0,0
eilon20_2 , Line ,20,2,0.2,0.2,11,0.683,2106.7413,2107.4243,2276,131274,133572,0,0
eilon20_3 , Line ,20,2,0.2,0.2,10,0.378,1282.4212,1282.7992,1740,73803,75565,0,0
eilon20_4 , Line ,20,2,0.2,0.2,8,0.4249,1080.8463,1081.2712,2150,80318,82490,0,0
eilon20_5 , Line ,20,2,0.2,0.2,7,0.394,454.463,454.857,2514,69224,71760,0,0
eilon20_1 , Comp ,20,2,0.2,0.2,10,0.414,1015.506,1015.92,2178,79076,81276,0,0
eilon20_2 , Comp ,20,2,0.2,0.2,11,0.678,2077.8431,2078.5211,2276,131274,133572,0,0
eilon20_3 , Comp ,20,2,0.2,0.2,10,0.376,1290.3253,1290.7013,1740,73803,75565,0,0
eilon20_4 , Comp ,20,2,0.2,0.2,8,0.472,1066.7261,1067.1981,2150,80318,82490,0,0
eilon20_5 , Comp ,20,2,0.2,0.2,7,0.394,456.5101,456.9041,2514,69224,71760,0,0
eilon20_1 , Matching ,20,2,0.2,0.2,10,0.412,1022.1381,1022.5501,2178,79076,81276,0,0
eilon20_2 , Matching ,20,2,0.2,0.2,11,0.679,2117.1801,2117.8591,2276,131274,133572,0,0
eilon20_3 , Matching ,20,2,0.2,0.2,10,0.38,1289.2221,1289.6021,1740,73803,75565,0,0
eilon20_4 , Matching ,20,2,0.2,0.2,8,0.425,1064.8451,1065.2701,2150,80318,82490,0,0
eilon20_5 , Matching ,20,2,0.2,0.2,7,0.395,458.249,458.644,2514,69224,71760,0,0
eilon20_1 , Star ,20,6,0.2,0.2,13,31.484,1157.5221,1189.0061,11050,3042756,3053832,0,0
eilon20_2 , Star ,20,6,0.2,0.2,14,108.951,2337.1982,2446.1492,11352,4621326,4632704,0,0
eilon20_3 , Star ,20,6,0.2,0.2,15,23.489,1406.7051,1430.1941,8544,2344923,2353493,0,0
eilon20_4 , Star ,20,6,0.2,0.2,13,304.8031,1200.78,1505.5831,10670,2775810,2786506,0,0
eilon20_5 , Star ,20,6,0.2,0.2,11,24.901,582.896,607.797,12858,2657116,2670000,0,0
eilon20_1 , Star-Ring ,20,6,0.2,0.2,12,50.992,1331.706,1382.698,21680,6692528,6714234,0,0
eilon20_2 , Star-Ring ,20,6,0.2,0.2,14,153.7252,2610.1289,2763.8542,22262,10384854,10407142,0,0
eilon20_3 , Star-Ring ,20,6,0.2,0.2,14,54.651,1527.1901,1581.8411,16514,5432596,5449136,0,0
eilon20_4 , Star-Ring ,20,6,0.2,0.2,13,129.022,1362.8881,1491.9101,20800,6257686,6278512,0,0
eilon20_5 , Star-Ring ,20,6,0.2,0.2,11,41.344,728.5941,769.9381,25308,5878394,5903728,0,0
eilon20_1 , Cycle ,20,6,0.2,0.2,15,10.835,1113.08,1123.915,12714,1544286,1557026,0,0
eilon20_2 , Cycle ,20,6,0.2,0.2,17,19.392,2251.1721,2270.5641,13254,2437942,2451222,0,0
eilon20_3 , Cycle ,20,6,0.2,0.2,16,9.394,1376.7472,1386.1412,9900,1358422,1368348,0,0
eilon20_4 , Cycle ,20,6,0.2,0.2,15,13.743,1162.4922,1176.2352,12402,1497222,1509650,0,0
eilon20_5 , Cycle ,20,6,0.2,0.2,14,12.327,538.7849,551.1119,14760,1375976,1390762,0,0
eilon20_1 , Line ,20,6,0.2,0.2,17,5.738,1087.9931,1093.7311,10654,923268,933948,0,0
eilon20_2 , Line ,20,6,0.2,0.2,19,8.93,2191.9691,2200.8991,11112,1384982,1396120,0,0
eilon20_3 , Line ,20,6,0.2,0.2,18,4.065,1350.575,1354.64,8340,755951,764317,0,0
eilon20_4 , Line ,20,6,0.2,0.2,17,6.883,1134.1602,1141.0432,10418,852798,863242,0,0
eilon20_5 , Line ,20,6,0.2,0.2,16,5.605,510.143,515.748,12354,834860,847240,0,0
eilon20_1 , Comp ,20,6,0.2,0.2,11,113.3375,1830.2854,1943.6229,33630,18565380,18599036,0,0
eilon20_2 , Comp ,20,6,0.2,0.2,,,,,,,,,1
eilon20_3 , Comp ,20,6,0.2,0.2,11,97.8186,1953.4792,2051.2979,25164,14897141,14922331,0,0
eilon20_4 , Comp ,20,6,0.2,0.2,10,121.0538,1816.9875,1938.0413,31770,17296962,17328758,0,0
eilon20_5 , Comp ,20,6,0.2,0.2,8,98.3295,1157.3593,1255.6888,39438,16240888,16280352,0,0
eilon20_1 , Matching ,20,6,0.2,0.2,18,1.6156,1045.0711,1046.6867,6534,269556,276116,0,0
eilon20_2 , Matching ,20,6,0.2,0.2,19,3.339,2131.5524,2134.8914,6828,429318,436172,0,0
eilon20_3 , Matching ,20,6,0.2,0.2,19,1.251,1331.548,1332.799,5220,255945,261191,0,0
eilon20_4 , Matching ,20,6,0.2,0.2,19,1.445,1097.5602,1099.0051,6450,270642,277118,0,0
eilon20_5 , Matching ,20,6,0.2,0.2,18,1.457,483.6292,485.0862,7542,244224,251792,0,0
eilon20_1 , Star ,20,2,0.2,0.5,12,0.054,1671.458,1671.512,502,14922,15446,0,0
eilon20_2 , Star ,20,2,0.2,0.5,14,0.059,3049.5771,3049.6361,470,19154,19646,0,0
eilon20_3 , Star ,20,2,0.2,0.5,12,0.027,1806.8411,1806.8681,360,7508,7890,0,0
eilon20_4 , Star ,20,2,0.2,0.5,10,0.053,1703.153,1703.206,500,12645,13167,0,0
eilon20_5 , Star ,20,2,0.2,0.5,10,0.042,981.1159,981.1579,556,12344,12922,0,0
eilon20_1 , Star-Ring ,20,2,0.2,0.5,12,0.254,1676.8091,1677.0631,628,56246,56896,0,0
eilon20_2 , Star-Ring ,20,2,0.2,0.5,14,0.316,3083.1371,3083.4531,598,72789,73409,0,0
eilon20_3 , Star-Ring ,20,2,0.2,0.5,12,0.102,1813.375,1813.477,416,28493,28931,0,0
eilon20_4 , Star-Ring ,20,2,0.2,0.5,10,0.227,1706.0364,1706.2634,625,48767,49414,0,0
eilon20_5 , Star-Ring ,20,2,0.2,0.5,10,0.192,993.722,993.914,696,46771,47489,0,0
eilon20_1 , Cycle ,20,2,0.2,0.5,12,0.055,1690.1031,1690.1581,502,14922,15446,0,0
eilon20_2 , Cycle ,20,2,0.2,0.5,14,0.058,3055.7622,3055.8202,470,19154,19646,0,0
eilon20_3 , Cycle ,20,2,0.2,0.5,12,0.026,1820.0881,1820.1141,360,7508,7890,0,0
eilon20_4 , Cycle ,20,2,0.2,0.5,10,0.052,1690.1535,1690.2055,500,12645,13167,0,0
eilon20_5 , Cycle ,20,2,0.2,0.5,10,0.041,979.6724,979.7134,556,12344,12922,0,0
eilon20_1 , Line ,20,2,0.2,0.5,12,0.054,1668.9143,1668.9683,502,14922,15446,0,0
eilon20_2 , Line ,20,2,0.2,0.5,14,0.059,3076.0034,3076.0624,470,19154,19646,0,0
eilon20_3 , Line ,20,2,0.2,0.5,12,0.027,1798.003,1798.03,360,7508,7890,0,0
eilon20_4 , Line ,20,2,0.2,0.5,10,0.052,1701.566,1701.618,500,12645,13167,0,0
eilon20_5 , Line ,20,2,0.2,0.5,10,0.041,983.2421,983.2831,556,12344,12922,0,0
eilon20_1 , Comp ,20,2,0.2,0.5,12,0.054,1666.3593,1666.4133,502,14922,15446,0,0
eilon20_2 , Comp ,20,2,0.2,0.5,14,0.058,3085.8284,3085.8863,470,19154,19646,0,0
eilon20_3 , Comp ,20,2,0.2,0.5,12,0.027,1824.3311,1824.3581,360,7508,7890,0,0
eilon20_4 , Comp ,20,2,0.2,0.5,10,0.052,1685.7021,1685.7541,500,12645,13167,0,0
eilon20_5 , Comp ,20,2,0.2,0.5,10,0.04,981.0882,981.1282,556,12344,12922,0,0
eilon20_1 , Matching ,20,2,0.2,0.5,12,0.054,1673.5332,1673.5872,502,14922,15446,0,0
eilon20_2 , Matching ,20,2,0.2,0.5,14,0.058,3069.4512,3069.5092,470,19154,19646,0,0
eilon20_3 , Matching ,20,2,0.2,0.5,12,0.027,1817.3293,1817.3563,360,7508,7890,0,0
eilon20_4 , Matching ,20,2,0.2,0.5,10,0.053,1695.0092,1695.0622,500,12645,13167,0,0
eilon20_5 , Matching ,20,2,0.2,0.5,10,0.04,975.901,975.941,556,12344,12922,0,0
eilon20_1 , Star ,20,6,0.2,0.5,19,1.2641,1696.5222,1697.7862,2010,192914,194950,0,0
eilon20_2 , Star ,20,6,0.2,0.5,19,0.96,3087.6581,3088.6181,1922,212430,214378,0,0
eilon20_3 , Star ,20,6,0.2,0.5,19,0.684,1833.2591,1833.9431,1304,107972,109302,0,0
eilon20_4 , Star ,20,6,0.2,0.5,19,1.336,1709.7251,1711.0611,2000,179001,181027,0,0
eilon20_5 , Star ,20,6,0.2,0.5,19,0.855,990.8607,991.7157,2228,193616,195870,0,0
eilon20_1 , Star-Ring ,20,6,0.2,0.5,19,4.413,1862.9847,1867.3977,3270,602740,606036,0,0
eilon20_2 , Star-Ring ,20,6,0.2,0.5,19,3.248,3614.4921,3617.7401,3202,730122,733350,0,0
eilon20_3 , Star-Ring ,20,6,0.2,0.5,19,2.079,1969.4401,1971.5191,1864,326248,328138,0,0
eilon20_4 , Star-Ring ,20,6,0.2,0.5,19,5.314,1985.7045,1991.0185,3250,541366,544642,0,0
eilon20_5 , Star-Ring ,20,6,0.2,0.5,19,2.6789,1080.4995,1083.1784,3628,573148,576802,0,0
eilon20_1 , Cycle ,20,6,0.2,0.5,19,1.218,1784.2021,1785.4201,2262,210012,212300,0,0
eilon20_2 , Cycle ,20,6,0.2,0.5,19,1.145,3578.1336,3579.2786,2178,266850,269054,0,0
eilon20_3 , Cycle ,20,6,0.2,0.5,19,0.4631,2168.3772,2168.8403,1416,112222,113664,0,0
eilon20_4 , Cycle ,20,6,0.2,0.5,19,0.87,1804.1734,1805.0434,2250,180842,183118,0,0
eilon20_5 , Cycle ,20,6,0.2,0.5,19,0.77,1074.717,1075.487,2508,190956,193490,0,0
eilon20_1 , Line ,20,6,0.2,0.5,19,0.28,1949.7803,1950.0603,2010,80786,82822,0,0
eilon20_2 , Line ,20,6,0.2,0.5,19,0.374,3403.9323,3404.3063,1922,97854,99802,0,0
eilon20_3 , Line ,20,6,0.2,0.5,19,0.1801,2135.6099,2135.79,1304,44980,46310,0,0
eilon20_4 , Line ,20,6,0.2,0.5,19,0.3239,2080.8166,2081.1406,2000,68749,70775,0,0
eilon20_5 , Line ,20,6,0.2,0.5,19,0.271,1114.5689,1114.8399,2228,83204,85458,0,0
eilon20_1 , Comp ,20,6,0.2,0.5,14,11.558,1809.9092,1821.4672,4530,1551750,1556306,0,0
eilon20_2 , Comp ,20,6,0.2,0.5,17,8.505,3224.062,3232.567,4482,1880718,1885226,0,0
eilon20_3 , Comp ,20,6,0.2,0.5,17,5.03,1849.2699,1854.2999,2424,831116,833566,0,0
eilon20_4 , Comp ,20,6,0.2,0.5,16,9.769,1762.0933,1771.8623,4500,1414627,1419153,0,0
eilon20_5 , Comp ,20,6,0.2,0.5,15,6.985,1037.9691,1044.9541,5028,1484448,1489502,0,0
eilon20_1 , Matching ,20,6,0.2,0.5,20,0.18,1680.6206,1680.8006,1506,50286,51818,0,0
eilon20_2 , Matching ,20,6,0.2,0.5,20,0.212,3111.596,3111.808,1410,64686,66122,0,0
eilon20_3 , Matching ,20,6,0.2,0.5,20,0.089,1803.1534,1803.2424,1080,26508,27614,0,0
eilon20_4 , Matching ,20,6,0.2,0.5,20,0.14,1700.4361,1700.5761,1500,41703,43229,0,0
eilon20_5 , Matching ,20,6,0.2,0.5,19,0.152,990.3824,990.5344,1668,44304,45998,0,0
eilon20_1 , Star ,20,2,0.3,0.2,12,0.7549,5933.9036,5934.6586,1510,159082,160614,0,0
eilon20_2 , Star ,20,2,0.3,0.2,13,0.895,9751.9727,9752.8677,1338,170598,171958,0,0
eilon20_3 , Star ,20,2,0.3,0.2,13,0.797,8601.0797,8601.8767,1034,136421,137477,0,0
eilon20_4 , Star ,20,2,0.3,0.2,12,0.771,6815.7131,6816.4841,1348,145564,146934,0,0
eilon20_5 , Star ,20,2,0.3,0.2,9,0.915,3755.0718,3755.9868,1790,161028,162840,0,0
eilon20_1 , Star-Ring ,20,2,0.3,0.2,12,3.4011,6449.9099,6453.311,2192,640287,642501,0,0
eilon20_2 , Star-Ring ,20,2,0.3,0.2,13,4.413,10676.5238,10680.9368,1960,691923,693905,0,0
eilon20_3 , Star-Ring ,20,2,0.3,0.2,13,2.034,3634.2837,3636.3177,1500,320746,322268,0,0
eilon20_4 , Star-Ring ,20,2,0.3,0.2,12,2.763,3635.1712,3637.9342,1961,376613,378596,0,0
eilon20_5 , Star-Ring ,20,2,0.3,0.2,9,4.156,3626.2131,3630.3691,2605,585452,588079,0,0
eilon20_1 , Cycle ,20,2,0.3,0.2,12,0.988,3630.9915,3631.9795,1510,121022,122554,0,0
eilon20_2 , Cycle ,20,2,0.3,0.2,13,0.582,3654.3451,3654.9271,1338,107732,109092,0,0
eilon20_3 , Cycle ,20,2,0.3,0.2,13,0.5621,3632.4748,3633.0368,1034,91081,92137,0,0
eilon20_4 , Cycle ,20,2,0.3,0.2,12,0.561,3627.7721,3628.3331,1348,104398,105768,0,0
eilon20_5 , Cycle ,20,2,0.3,0.2,9,0.885,3619.8997,3620.7847,1790,156502,158314,0,0
eilon20_1 , Line ,20,2,0.3,0.2,12,0.571,3626.6342,3627.2052,1510,128198,129730,0,0
eilon20_2 , Line ,20,2,0.3,0.2,13,0.578,3635.8666,3636.4446,1338,111340,112700,0,0
eilon20_3 , Line ,20,2,0.3,0.2,13,0.563,3632.0625,3632.6255,1034,91081,92137,0,0
eilon20_4 , Line ,20,2,0.3,0.2,12,0.574,3628.1842,3628.7582,1348,104368,105738,0,0
eilon20_5 , Line ,20,2,0.3,0.2,9,0.869,3619.9739,3620.8429,1790,156044,157856,0,0
eilon20_1 , Comp ,20,2,0.3,0.2,12,0.569,3626.6193,3627.1883,1510,128046,129578,0,0
eilon20_2 , Comp ,20,2,0.3,0.2,13,0.579,3636.4903,3637.0693,1338,111398,112758,0,0
eilon20_3 , Comp ,20,2,0.3,0.2,13,0.542,3632.0292,3632.5712,1034,91007,92063,0,0
eilon20_4 , Comp ,20,2,0.3,0.2,12,0.588,3627.6615,3628.2495,1348,104344,105714,0,0
eilon20_5 , Comp ,20,2,0.3,0.2,9,0.797,3620.3108,3621.1078,1790,144256,146068,0,0
eilon20_1 , Matching ,20,2,0.3,0.2,12,0.6322,3627.7196,3628.3517,1510,123490,125022,0,0
eilon20_2 , Matching ,20,2,0.3,0.2,13,0.496,3642.2523,3642.7483,1338,96578,97938,0,0
eilon20_3 , Matching ,20,2,0.3,0.2,13,0.532,3632.341,3632.873,1034,87661,88717,0,0
eilon20_4 , Matching ,20,2,0.3,0.2,12,0.562,3628.8951,3629.4571,1348,99848,101218,0,0
eilon20_5 , Matching ,20,2,0.3,0.2,9,0.871,3620.6478,3621.5188,1790,153040,154852,0,0
eilon20_1 , Star ,20,6,0.3,0.2,18,42.274,3626.8319,3669.1059,7270,2038384,2045680,0,0
eilon20_2 , Star ,20,6,0.3,0.2,18,7.037,3636.9042,3643.9413,6526,902268,908820,0,0
eilon20_3 , Star ,20,6,0.3,0.2,17,12.3481,3634.9273,3647.2754,5002,982325,987353,0,0
eilon20_4 , Star ,20,6,0.3,0.2,17,17.8939,3632.9129,3650.8068,6532,1545202,1551760,0,0
eilon20_5 , Star ,20,6,0.3,0.2,17,121.2036,3621.9225,3743.1261,8690,3664032,3672748,0,0
eilon20_1 , Star-Ring ,20,6,0.3,0.2,17,197.915,3632.7025,3830.6176,14100,5487758,5501884,0,0
eilon20_2 , Star-Ring ,20,6,0.3,0.2,18,34.037,3636.8091,3670.8461,12766,3807824,3820616,0,0
eilon20_3 , Star-Ring ,20,6,0.3,0.2,17,33.929,3632.9607,3666.8897,9692,3601562,3611280,0,0
eilon20_4 , Star-Ring ,20,6,0.3,0.2,17,45.7767,3628.4055,3674.1822,12692,4537728,4550446,0,0
eilon20_5 , Star-Ring ,20,6,0.3,0.2,17,451.0037,3620.8994,4071.903,16890,8997312,9014228,0,0
eilon20_1 , Cycle ,20,6,0.3,0.2,19,23.841,3626.8156,3650.6566,8622,1929178,1937826,0,0
eilon20_2 , Cycle ,20,6,0.3,0.2,19,11.082,3636.2483,3647.3303,7746,1439906,1447678,0,0
eilon20_3 , Cycle ,20,6,0.3,0.2,19,11.09,3632.5634,3643.6534,5898,1243910,1249834,0,0
eilon20_4 , Cycle ,20,6,0.3,0.2,18,23.222,3628.3214,3651.5434,7722,1488662,1496410,0,0
eilon20_5 , Cycle ,20,6,0.3,0.2,19,40.131,3620.5654,3660.6964,10260,2583628,2593914,0,0
eilon20_1 , Line ,20,6,0.3,0.2,19,10.2841,3626.9535,3637.2376,7258,874360,881644,0,0
eilon20_2 , Line ,20,6,0.3,0.2,19,3.776,3636.2597,3640.0357,6502,501952,508480,0,0
eilon20_3 , Line ,20,6,0.3,0.2,19,3.506,3632.8543,3636.3603,4966,465537,470529,0,0
eilon20_4 , Line ,20,6,0.3,0.2,19,2.621,3629.2886,3631.9096,6496,437236,443758,0,0
eilon20_5 , Line ,20,6,0.3,0.2,19,15.864,3623.8853,3639.7493,8630,1064050,1072706,0,0
eilon20_1 , Comp ,20,6,0.3,0.2,13,119.8153,3631.3658,3751.1811,20970,11766536,11787532,0,0
eilon20_2 , Comp ,20,6,0.3,0.2,15,79.1274,3642.471,3721.5984,19086,7560772,7579884,0,0
eilon20_3 , Comp ,20,6,0.3,0.2,15,60.2852,3640.702,3700.9873,14502,6863761,6878289,0,0
eilon20_4 , Comp ,20,6,0.3,0.2,14,111.9135,3628.938,3740.8516,18972,10888840,10907838,0,0
eilon20_5 , Comp ,20,6,0.3,0.2,11,276.4285,3621.4053,3897.8338,25290,17783264,17808580,0,0
eilon20_1 , Matching ,20,6,0.3,0.2,20,3.287,3627.1792,3630.4662,4530,380952,385508,0,0
eilon20_2 , Matching ,20,6,0.3,0.2,20,1.539,3666.978,3668.517,4014,174918,178958,0,0
eilon20_3 , Matching ,20,6,0.3,0.2,20,1.668,3660.3918,3662.0598,3102,275433,278561,0,0
eilon20_4 , Matching ,20,6,0.3,0.2,20,1.396,3632.8689,3634.2649,4044,326700,330770,0,0
eilon20_5 , Matching ,20,6,0.3,0.2,20,2.425,3620.3162,3622.7412,5370,495696,501092,0,0
eilon20_1 , Star ,20,2,0.3,0.5,16,0.02,3625.379,3625.399,160,1992,2174,0,0
eilon20_2 , Star ,20,2,0.3,0.5,17,0.086,3637.6369,3637.7229,372,13972,14366,0,0
eilon20_3 , Star ,20,2,0.3,0.5,17,0.013,3632.7088,3632.7218,142,4598,4762,0,0
eilon20_4 , Star ,20,2,0.3,0.5,15,0.091,3628.0445,3628.1355,428,13487,13937,0,0
eilon20_5 , Star ,20,2,0.3,0.5,14,0.067,3619.4207,3619.4877,384,12325,12731,0,0
eilon20_1 , Star-Ring ,20,2,0.3,0.5,16,0.038,3625.6193,3625.6573,165,7683,7870,0,0
eilon20_2 , Star-Ring ,20,2,0.3,0.5,17,0.314,3635.3435,3635.6575,507,51760,52289,0,0
eilon20_3 , Star-Ring ,20,2,0.3,0.5,17,0.051,3632.6709,3632.7219,156,17061,17239,0,0
eilon20_4 , Star-Ring ,20,2,0.3,0.5,15,0.298,3629.1302,3629.4282,575,51592,52189,0,0
eilon20_5 , Star-Ring ,20,2,0.3,0.5,13,0.2953,3619.5606,3619.8558,486,48265,48773,0,0
eilon20_1 , Cycle ,20,2,0.3,0.5,16,0.02,3625.6722,3625.6922,160,1992,2174,0,0
eilon20_2 , Cycle ,20,2,0.3,0.5,17,0.083,3635.3567,3635.4397,372,11702,12096,0,0
eilon20_3 , Cycle ,20,2,0.3,0.5,17,0.012,3642.165,3642.177,142,3198,3362,0,0
eilon20_4 , Cycle ,20,2,0.3,0.5,15,0.099,3629.2739,3629.3729,428,13267,13717,0,0
eilon20_5 , Cycle ,20,2,0.3,0.5,14,0.072,3619.9694,3620.0414,384,11851,12257,0,0
eilon20_1 , Line ,20,2,0.3,0.5,16,0.0219,3628.5987,3628.6207,160,1992,2174,0,0
eilon20_2 , Line ,20,2,0.3,0.5,17,0.0869,3635.3812,3635.4682,372,13812,14206,0,0
eilon20_3 , Line ,20,2,0.3,0.5,17,0.017,3632.7201,3632.7371,142,4386,4550,0,0
eilon20_4 , Line ,20,2,0.3,0.5,15,0.149,3634.8796,3635.0286,428,6383,6833,0,0
eilon20_5 , Line ,20,2,0.3,0.5,14,0.059,3624.5608,3624.6198,384,11653,12059,0,0
eilon20_1 , Comp ,20,2,0.3,0.5,16,0.0282,3627.5277,3627.5559,160,1992,2174,0,0
eilon20_2 , Comp ,20,2,0.3,0.5,17,0.088,3635.0571,3635.1451,372,13918,14312,0,0
eilon20_3 , Comp ,20,2,0.3,0.5,17,0.014,3632.377,3632.391,142,4756,4920,0,0
eilon20_4 , Comp ,20,2,0.3,0.5,15,0.115,3627.6002,3627.7152,428,13701,14151,0,0
eilon20_5 , Comp ,20,2,0.3,0.5,14,0.104,3618.9424,3619.0465,384,12389,12795,0,0
eilon20_1 , Matching ,20,2,0.3,0.5,16,0.02,3625.103,3625.1229,160,1992,2174,0,0
eilon20_2 , Matching ,20,2,0.3,0.5,17,0.087,3634.6263,3634.7133,372,14024,14418,0,0
eilon20_3 , Matching ,20,2,0.3,0.5,17,0.015,3633.4751,3633.4901,142,4480,4644,0,0
eilon20_4 , Matching ,20,2,0.3,0.5,15,0.079,3627.577,3627.656,428,13677,14127,0,0
eilon20_5 , Matching ,20,2,0.3,0.5,14,0.066,3619.099,3619.165,384,12337,12743,0,0
eilon20_1 , Star ,20,6,0.3,0.5,20,0.124,3625.388,3625.512,500,14948,15474,0,0
eilon20_2 , Star ,20,6,0.3,0.5,20,0.919,3635.6201,3636.5391,1656,112456,114138,0,0
eilon20_3 , Star ,20,6,0.3,0.5,19,0.113,3632.2421,3632.3552,482,32168,32676,0,0
eilon20_4 , Star ,20,6,0.3,0.5,20,1.698,3627.8929,3629.5909,1872,144897,146795,0,0
eilon20_5 , Star ,20,6,0.3,0.5,20,2.895,3619.307,3622.202,1560,174533,176119,0,0
eilon20_1 , Star-Ring ,20,6,0.3,0.5,20,0.476,3624.985,3625.461,550,61378,61954,0,0
eilon20_2 , Star-Ring ,20,6,0.3,0.5,19,3.227,3635.7892,3639.0162,3006,433292,436324,0,0
eilon20_3 , Star-Ring ,20,6,0.3,0.5,19,0.605,3633.5547,3634.1597,622,150730,151378,0,0
eilon20_4 , Star-Ring ,20,6,0.3,0.5,19,3.6051,3627.9463,3631.5513,3342,490194,493562,0,0
eilon20_5 , Star-Ring ,20,6,0.3,0.5,19,5.107,3618.9849,3624.0919,2580,523232,525838,0,0
eilon20_1 , Cycle ,20,6,0.3,0.5,20,0.113,3625.021,3625.134,510,24064,24600,0,0
eilon20_2 , Cycle ,20,6,0.3,0.5,20,1.29,3635,3636.29,1926,170756,172708,0,0
eilon20_3 , Cycle ,20,6,0.3,0.5,19,0.225,3632.2192,3632.4442,510,60368,60904,0,0
eilon20_4 , Cycle ,20,6,0.3,0.5,20,1.351,3627.642,3628.993,2166,174004,176196,0,0
eilon20_5 , Cycle ,20,6,0.3,0.5,20,1.601,3619.199,3620.8,1764,167018,168808,0,0
eilon20_1 , Line ,20,6,0.3,0.5,20,0.029,3625.725,3625.754,500,6208,6734,0,0
eilon20_2 , Line ,20,6,0.3,0.5,20,0.3029,3635.3961,3635.699,1656,50174,51856,0,0
eilon20_3 , Line ,20,6,0.3,0.5,20,0.061,3633.8652,3633.9262,482,17480,17988,0,0
eilon20_4 , Line ,20,6,0.3,0.5,20,0.3451,3628.372,3628.7171,1872,52903,54801,0,0
eilon20_5 , Line ,20,6,0.3,0.5,20,0.395,3619.2518,3619.6468,1560,59365,60951,0,0
eilon20_1 , Comp ,20,6,0.3,0.5,20,1.286,3625.7559,3627.0419,600,159776,160402,0,0
eilon20_2 , Comp ,20,6,0.3,0.5,18,6.556,3636.1782,3642.7342,4356,1097212,1101594,0,0
eilon20_3 , Comp ,20,6,0.3,0.5,19,1.553,3632.8782,3634.4312,762,375496,376284,0,0
eilon20_4 , Comp ,20,6,0.3,0.5,18,7.915,3628.5774,3636.4924,4812,1212515,1217353,0,0
eilon20_5 , Comp ,20,6,0.3,0.5,18,12.653,3619.4787,3632.1317,3600,1385659,1389285,0,0
eilon20_1 , Matching ,20,6,0.3,0.5,20,0.026,3625.3752,3625.4012,480,5976,6482,0,0
eilon20_2 , Matching ,20,6,0.3,0.5,20,0.207,3635.4451,3635.6521,1116,42672,43814,0,0
eilon20_3 , Matching ,20,6,0.3,0.5,20,0.04,3632.8102,3632.8502,426,14046,14498,0,0
eilon20_4 , Matching ,20,6,0.3,0.5,20,0.187,3628.1306,3628.3176,1284,41559,42869,0,0
eilon20_5 , Matching ,20,6,0.3,0.5,20,0.151,3619.4602,3619.6112,1152,37647,38825,0,0
eilon20_1 , Star ,20,10,0.1,0.2,11,43.5927,386.585,430.1777,19928,5061377,5081335,0,0
eilon20_2 , Star ,20,10,0.1,0.2,12,44.9198,400.1537,445.0736,16318,4872578,4888926,0,0
eilon20_3 , Star ,20,10,0.1,0.2,10,46.0502,345.1238,391.174,16726,5127666,5144422,0,0
eilon20_4 , Star ,20,10,0.1,0.2,,,,,,,,,1
eilon20_5 , Star ,20,10,0.1,0.2,0,25.9847,251.1681,277.1528,18704,4421961,4440695,1,0
eilon20_1 , Star-Ring ,20,10,0.1,0.2,11,64.3723,501.7553,566.1276,36866,7265108,7302004,0,0
eilon20_2 , Star-Ring ,20,10,0.1,0.2,12,59.243,456.051,515.294,30088,6868556,6898674,0,0
eilon20_3 , Star-Ring ,20,10,0.1,0.2,10,62.0161,521.0645,583.0805,30766,7303448,7334244,0,0
eilon20_4 , Star-Ring ,20,10,0.1,0.2,10,57.7867,474.2515,532.0382,30158,6704358,6734546,0,0
eilon20_5 , Star-Ring ,20,10,0.1,0.2,0,52.3796,412.0603,464.4399,34058,6294836,6328924,1,0
eilon20_1 , Cycle ,20,10,0.1,0.2,15,13.436,263.4143,276.8503,17460,943734,961224,0,0
eilon20_2 , Cycle ,20,10,0.1,0.2,17,15.4961,297.0622,312.5583,14890,819864,834784,0,0
eilon20_3 , Cycle ,20,10,0.1,0.2,16,9.205,207.1146,216.3196,14980,920152,935162,0,0
eilon20_4 , Cycle ,20,10,0.1,0.2,16,8.901,173.1036,182.0045,14160,849510,863700,0,0
eilon20_5 , Cycle ,20,10,0.1,0.2,15,8.82,134.146,142.966,15190,798464,813684,0,0
eilon20_1 , Line ,20,10,0.1,0.2,17,7.095,325.0425,332.1375,15728,734145,749903,0,0
eilon20_2 , Line ,20,10,0.1,0.2,18,13.036,207.921,220.957,13462,620690,634182,0,0
eilon20_3 , Line ,20,10,0.1,0.2,18,5.709,176.855,182.564,13534,716418,729982,0,0
eilon20_4 , Line ,20,10,0.1,0.2,16,9.041,168.6773,177.7183,12780,673910,686720,0,0
eilon20_5 , Line ,20,10,0.1,0.2,16,4.015,120.43,124.4449,13664,643041,656735,0,0
eilon20_1 , Comp ,20,10,0.1,0.2,,,,,,,,,1
eilon20_2 , Comp ,20,10,0.1,0.2,,,,,,,,,1
eilon20_3 , Comp ,20,10,0.1,0.2,,,,,,,,,1
eilon20_4 , Comp ,20,10,0.1,0.2,,,,,,,,,1
eilon20_5 , Comp ,20,10,0.1,0.2,,,,,,,,,1
eilon20_1 , Matching ,20,10,0.1,0.2,18,3.7491,145.396,149.1451,8800,183445,192275,0,0
eilon20_2 , Matching ,20,10,0.1,0.2,19,2.907,171.049,173.956,7750,150570,158350,0,0
eilon20_3 , Matching ,20,10,0.1,0.2,19,0.783,138.012,138.795,7750,175450,183230,0,0
eilon20_4 , Matching ,20,10,0.1,0.2,19,0.818,110.892,111.71,7260,162870,170160,0,0
eilon20_5 , Matching ,20,10,0.1,0.2,17,1.376,77.7877,79.1637,7560,153405,160995,0,0
eilon20_1 , Star ,20,10,0.1,0.5,18,27.308,261.8851,289.1931,7292,2092713,2100035,0,0
eilon20_2 , Star ,20,10,0.1,0.5,19,12.735,283.235,295.97,5806,1475447,1481283,0,0
eilon20_3 , Star ,20,10,0.1,0.5,19,8.981,236.617,245.598,4504,1333617,1338151,0,0
eilon20_4 , Star ,20,10,0.1,0.5,18,4.799,185.3321,190.1311,4076,1323045,1327151,0,0
eilon20_5 , Star ,20,10,0.1,0.5,17,9.912,162.4881,172.4001,6158,2049960,2056148,0,0
eilon20_1 , Star-Ring ,20,10,0.1,0.5,18,39.137,318.9565,358.0935,12944,3209458,3222432,0,0
eilon20_2 , Star-Ring ,20,10,0.1,0.5,19,16.957,322.032,338.989,9982,2251040,2261052,0,0
eilon20_3 , Star-Ring ,20,10,0.1,0.5,19,13.093,272.1681,285.2611,7348,2019528,2026906,0,0
eilon20_4 , Star-Ring ,20,10,0.1,0.5,18,7.239,216.204,223.443,6452,1971562,1978044,0,0
eilon20_5 , Star-Ring ,20,10,0.1,0.5,17,13.222,211.09,224.312,10586,3028352,3038968,0,0
eilon20_1 , Cycle ,20,10,0.1,0.5,19,3.343,240.7889,244.1319,7920,514934,522884,0,0
eilon20_2 , Cycle ,20,10,0.1,0.5,19,1.625,278.9887,280.6137,6270,346730,353030,0,0
eilon20_3 , Cycle ,20,10,0.1,0.5,19,1.208,237.122,238.33,4820,308880,313730,0,0
eilon20_4 , Cycle ,20,10,0.1,0.5,19,1.119,180.1305,181.2495,4340,292534,296904,0,0
eilon20_5 , Cycle ,20,10,0.1,0.5,17,1.585,127.2601,128.8451,6650,437924,444604,0,0
eilon20_1 , Line ,20,10,0.1,0.5,19,1.463,229.0523,230.5153,7292,366513,373835,0,0
eilon20_2 , Line ,20,10,0.1,0.5,19,0.852,241.5231,242.3752,5806,227311,233147,0,0
eilon20_3 , Line ,20,10,0.1,0.5,19,0.751,204.022,204.773,4504,212481,217015,0,0
eilon20_4 , Line ,20,10,0.1,0.5,19,0.705,153.0311,153.7361,4076,219357,223463,0,0
eilon20_5 , Line ,20,10,0.1,0.5,17,1.023,108.3781,109.4011,6158,336096,342284,0,0
eilon20_1 , Comp ,20,10,0.1,0.5,12,212.1078,1480.6938,1692.8016,29900,21656845,21686775,0,0
eilon20_2 , Comp ,20,10,0.1,0.5,13,171.4394,907.4042,1078.8436,22510,15737595,15760135,0,0
eilon20_3 , Comp ,20,10,0.1,0.5,12,104.0886,1092.5305,1196.6191,15880,13883805,13899715,0,0
eilon20_4 , Comp ,20,10,0.1,0.5,11,53.618,663.3014,716.9195,13580,13339225,13352835,0,0
eilon20_5 , Comp ,20,10,0.1,0.5,0,79.9817,1043.1881,1123.1698,23870,20544360,20568260,1,0
eilon20_1 , Matching ,20,10,0.1,0.5,19,0.692,242.868,243.56,4780,110725,115535,0,0
eilon20_2 , Matching ,20,10,0.1,0.5,20,0.424,375.7995,376.2235,3950,72275,76255,0,0
eilon20_3 , Matching ,20,10,0.1,0.5,19,0.211,217.5059,217.7169,3240,64485,67755,0,0
eilon20_4 , Matching ,20,10,0.1,0.5,19,0.191,141.1799,141.3709,3020,60785,63835,0,0
eilon20_5 , Matching ,20,10,0.1,0.5,17,0.303,94.002,94.305,4190,90120,94340,0,0
eilon20_1 , Star ,20,10,0.2,0.2,13,199.5847,1923.4432,2123.0279,20978,16346180,16367188,0,0
eilon20_2 , Star ,20,10,0.2,0.2,,,,,,,,,1
eilon20_3 , Star ,20,10,0.2,0.2,15,183.176,1939.4791,2122.6552,15892,12314891,12330813,0,0
eilon20_4 , Star ,20,10,0.2,0.2,14,484.6119,2291.1394,2775.7513,19862,14714662,14734554,0,0
eilon20_5 , Star ,20,10,0.2,0.2,11,238.673,1368.6598,1607.3328,24546,14306320,14330896,0,0
eilon20_1 , Star-Ring ,20,10,0.2,0.2,13,358.5669,2661.7517,3020.3186,40112,23192664,23232806,0,0
eilon20_2 , Star-Ring ,20,10,0.2,0.2,,,,,,,,,1
eilon20_3 , Star-Ring ,20,10,0.2,0.2,15,244.5216,2378.4215,2622.9431,30238,18155216,18185484,0,0
eilon20_4 , Star-Ring ,20,10,0.2,0.2,,,,,,,,,1
eilon20_5 , Star-Ring ,20,10,0.2,0.2,11,260.1668,1588.276,1848.4428,46956,20451710,20498696,0,0
eilon20_1 , Cycle ,20,10,0.2,0.2,19,15.81,1412.041,1427.851,21190,2779654,2800874,0,0
eilon20_2 , Cycle ,20,10,0.2,0.2,19,28.422,2729.6467,2758.0687,22090,4282554,4304674,0,0
eilon20_3 , Cycle ,20,10,0.2,0.2,19,13.218,1630.4402,1643.6582,16500,2484382,2500912,0,0
eilon20_4 , Cycle ,20,10,0.2,0.2,19,18.445,1441.9983,1460.4433,20670,2681742,2702442,0,0
eilon20_5 , Cycle ,20,10,0.2,0.2,19,14.189,785.101,799.29,24600,2530764,2555394,0,0
eilon20_1 , Line ,20,10,0.2,0.2,19,11.317,1362.248,1373.565,19130,1939876,1959036,0,0
eilon20_2 , Line ,20,10,0.2,0.2,19,18.382,2653.1479,2671.5299,19948,2828002,2847980,0,0
eilon20_3 , Line ,20,10,0.2,0.2,19,8.359,1580.6761,1589.0351,14940,1622291,1637261,0,0
eilon20_4 , Line ,20,10,0.2,0.2,19,11.268,1393.9891,1405.2571,18686,1783614,1802330,0,0
eilon20_5 , Line ,20,10,0.2,0.2,19,10.016,743.163,753.179,22194,1795440,1817664,0,0
eilon20_1 , Comp ,20,10,0.2,0.2,,,,,,,,,1
eilon20_2 , Comp ,20,10,0.2,0.2,,,,,,,,,1
eilon20_3 , Comp ,20,10,0.2,0.2,,,,,,,,,1
eilon20_4 , Comp ,20,10,0.2,0.2,,,,,,,,,1
eilon20_5 , Comp ,20,10,0.2,0.2,,,,,,,,,1
eilon20_1 , Matching ,20,10,0.2,0.2,20,2.615,1250.908,1253.523,10890,503140,514060,0,0
eilon20_2 , Matching ,20,10,0.2,0.2,20,3.667,2482.851,2486.518,11380,774690,786100,0,0
eilon20_3 , Matching ,20,10,0.2,0.2,20,2.2551,1509.1002,1511.3553,8700,484135,492865,0,0
eilon20_4 , Matching ,20,10,0.2,0.2,20,2.6631,1604.9797,1607.6428,10750,500550,511330,0,0
eilon20_5 , Matching ,20,10,0.2,0.2,20,2.499,717.1941,719.6931,12570,467960,480560,0,0
eilon20_1 , Star ,20,10,0.2,0.5,19,5.1828,2039.8437,2045.0265,3518,785370,788918,0,0
eilon20_2 , Star ,20,10,0.2,0.5,19,4.469,3616.8982,3621.3672,3374,828746,832150,0,0
eilon20_3 , Star ,20,10,0.2,0.5,19,3.21,2051.2891,2054.4991,2248,448948,451226,0,0
eilon20_4 , Star ,20,10,0.2,0.5,19,5.544,1834.3703,1839.9143,3500,754541,758071,0,0
eilon20_5 , Star ,20,10,0.2,0.5,19,4.7379,1247.0368,1251.7747,3900,867848,871778,0,0
eilon20_1 , Star-Ring ,20,10,0.2,0.5,19,9.829,2019.2675,2029.0965,5786,1546308,1552124,0,0
eilon20_2 , Star-Ring ,20,10,0.2,0.5,19,8.14,3449.7365,3457.8765,5678,1790406,1796114,0,0
eilon20_3 , Star-Ring ,20,10,0.2,0.5,19,5.822,2032.02,2037.842,3256,867656,870942,0,0
eilon20_4 , Star-Ring ,20,10,0.2,0.5,19,10.628,1909.4314,1920.0594,5750,1414750,1420530,0,0
eilon20_5 , Star-Ring ,20,10,0.2,0.5,19,7.479,1153.7392,1161.2182,6420,1605372,1611822,0,0
eilon20_1 , Cycle ,20,10,0.2,0.5,19,1.619,1868.1782,1869.7972,3770,383124,386924,0,0
eilon20_2 , Cycle ,20,10,0.2,0.5,19,2.128,3381.2726,3383.4006,3630,488886,492546,0,0
eilon20_3 , Cycle ,20,10,0.2,0.5,19,0.7899,1983.7374,1984.5273,2360,211538,213928,0,0
eilon20_4 , Cycle ,20,10,0.2,0.5,19,1.568,1861.0136,1862.5816,3750,323198,326978,0,0
eilon20_5 , Cycle ,20,10,0.2,0.5,19,1.309,1097.0014,1098.3104,4180,364488,368698,0,0
eilon20_1 , Line ,20,10,0.2,0.5,19,0.582,1842.7087,1843.2907,3518,176090,179638,0,0
eilon20_2 , Line ,20,10,0.2,0.5,19,0.693,3369.6136,3370.3066,3374,215082,218486,0,0
eilon20_3 , Line ,20,10,0.2,0.5,19,0.3361,1990.339,1990.6751,2248,103700,105978,0,0
eilon20_4 , Line ,20,10,0.2,0.5,19,0.6924,1844.6085,1845.3009,3500,144949,148479,0,0
eilon20_5 , Line ,20,10,0.2,0.5,19,0.566,1092.9129,1093.4789,3900,192848,196778,0,0
eilon20_1 , Comp ,20,10,0.2,0.5,14,78.9508,2281.7701,2360.7209,12590,10505250,10517870,0,0
eilon20_2 , Comp ,20,10,0.2,0.5,17,70.0134,3616.1404,3686.1538,12590,12265770,12278390,0,0
eilon20_3 , Comp ,20,10,0.2,0.5,17,37.158,2200.4203,2237.5783,6280,5731780,5738090,0,0
eilon20_4 , Comp ,20,10,0.2,0.5,16,80.9004,2253.7431,2334.6435,12500,9825425,9837955,0,0
eilon20_5 , Comp ,20,10,0.2,0.5,15,69,1528.0601,1597.0601,13980,10868520,10882530,0,0
eilon20_1 , Matching ,20,10,0.2,0.5,20,0.323,1853.1971,1853.5201,2510,93010,95550,0,0
eilon20_2 , Matching ,20,10,0.2,0.5,20,0.397,3355.9587,3356.3557,2350,119850,122230,0,0
eilon20_3 , Matching ,20,10,0.2,0.5,20,0.171,1994.2112,1994.3822,1800,50820,52650,0,0
eilon20_4 , Matching ,20,10,0.2,0.5,20,0.264,1880.5811,1880.8451,2500,75785,78315,0,0
eilon20_5 , Matching ,20,10,0.2,0.5,20,0.27,1109.918,1110.188,2780,85960,88770,0,0
eilon20_1 , Star ,20,10,0.3,0.2,18,264.288,3629.4558,3893.7438,13062,7785854,7798946,0,0
eilon20_2 , Star ,20,10,0.3,0.2,18,83.876,3641.884,3725.76,11778,2997192,3009000,0,0
eilon20_3 , Star ,20,10,0.3,0.2,17,25.8529,3696.2292,3722.0821,9066,2497137,2506233,0,0
eilon20_4 , Star ,20,10,0.3,0.2,17,86.9296,3630.8882,3717.8178,11812,5794828,5806670,0,0
eilon20_5 , Star ,20,10,0.3,0.2,17,533.197,3622.2608,4155.4578,15750,13681144,13696924,0,0
eilon20_1 , Star-Ring ,20,10,0.3,0.2,18,171.1564,3630.5491,3801.7055,25356,13449008,13474394,0,0
eilon20_2 , Star-Ring ,20,10,0.3,0.2,18,62.2909,3641.0037,3703.2946,23010,7209202,7232242,0,0
eilon20_3 , Star-Ring ,20,10,0.3,0.2,17,56.0259,3636.4413,3692.4672,17508,6148422,6165960,0,0
eilon20_4 , Star-Ring ,20,10,0.3,0.2,17,121.5721,3634.1421,3755.7142,22900,8915154,8938084,0,0
eilon20_5 , Star-Ring ,20,10,0.3,0.2,17,387.0072,3623.0392,4010.0464,30510,18730064,18760604,0,0
eilon20_1 , Cycle ,20,10,0.3,0.2,19,35.613,3629.0937,3664.7067,14370,3188830,3203230,0,0
eilon20_2 , Cycle ,20,10,0.3,0.2,19,12.963,3639.0234,3651.9864,12910,2420002,2432942,0,0
eilon20_3 , Cycle ,20,10,0.3,0.2,19,17.972,3635.0351,3653.0071,9830,2040770,2050630,0,0
eilon20_4 , Cycle ,20,10,0.3,0.2,19,17.168,3630.0795,3647.2475,12870,2480270,2493170,0,0
eilon20_5 , Cycle ,20,10,0.3,0.2,19,55.752,3621.8785,3677.6305,17100,3929516,3946646,0,0
eilon20_1 , Line ,20,10,0.3,0.2,19,17.863,3628.6303,3646.4933,13006,1615960,1628996,0,0
eilon20_2 , Line ,20,10,0.3,0.2,19,4.721,3638.3854,3643.1064,11666,938904,950600,0,0
eilon20_3 , Line ,20,10,0.3,0.2,19,4.661,3634.6063,3639.2673,8898,844127,853055,0,0
eilon20_4 , Line ,20,10,0.3,0.2,19,5.424,3630.0102,3635.4343,11644,1134176,1145850,0,0
eilon20_5 , Line ,20,10,0.3,0.2,19,33.8,3621.9032,3655.7032,15470,2366438,2381938,0,0
eilon20_1 , Comp ,20,10,0.3,0.2,,,,,,,,,1
eilon20_2 , Comp ,20,10,0.3,0.2,,,,,,,,,1
eilon20_3 , Comp ,20,10,0.3,0.2,,,,,,,,,1
eilon20_4 , Comp ,20,10,0.3,0.2,,,,,,,,,1
eilon20_5 , Comp ,20,10,0.3,0.2,,,,,,,,,1
eilon20_1 , Matching ,20,10,0.3,0.2,20,3.102,3628.7273,3631.8292,7550,725490,733070,0,0
eilon20_2 , Matching ,20,10,0.3,0.2,20,2.585,3638.554,3641.139,6690,615830,622550,0,0
eilon20_3 , Matching ,20,10,0.3,0.2,20,2.0401,3635.271,3637.311,5170,496475,501675,0,0
eilon20_4 , Matching ,20,10,0.3,0.2,20,2.353,3629.9086,3632.2616,6740,581400,588170,0,0
eilon20_5 , Matching ,20,10,0.3,0.2,20,4.059,3621.6488,3625.7078,8950,810000,818980,0,0
eilon20_1 , Star ,20,10,0.3,0.5,20,0.482,3626.614,3627.096,840,41888,42758,0,0
eilon20_2 , Star ,20,10,0.3,0.5,20,6.212,3638.0516,3644.2636,2940,339434,342404,0,0
eilon20_3 , Star ,20,10,0.3,0.5,19,0.488,3635.0863,3635.5743,822,101766,102618,0,0
eilon20_4 , Star ,20,10,0.3,0.5,20,5.573,3630.5615,3636.1346,3316,331075,334421,0,0
eilon20_5 , Star ,20,10,0.3,0.5,20,19.876,3620.9776,3640.8536,2736,656853,659619,0,0
eilon20_1 , Star-Ring ,20,10,0.3,0.5,20,1.098,3627.8064,3628.9044,930,118766,119726,0,0
eilon20_2 , Star-Ring ,20,10,0.3,0.5,19,10.031,3638.4417,3648.4727,5370,843964,849364,0,0
eilon20_3 , Star-Ring ,20,10,0.3,0.5,19,1.19,3635.1707,3636.3607,1074,275178,276282,0,0
eilon20_4 , Star-Ring ,20,10,0.3,0.5,19,7.655,3630.6096,3638.2646,5962,845126,851118,0,0
eilon20_5 , Star-Ring ,20,10,0.3,0.5,19,23.8819,3621.1533,3645.0353,4572,1212912,1217514,0,0
eilon20_1 , Cycle ,20,10,0.3,0.5,20,0.2,3627.8675,3628.0675,850,39524,40404,0,0
eilon20_2 , Cycle ,20,10,0.3,0.5,20,2.044,3638.3892,3640.4332,3210,264748,267988,0,0
eilon20_3 , Cycle ,20,10,0.3,0.5,19,0.353,3635.8848,3636.2378,850,87528,88408,0,0
eilon20_4 , Cycle ,20,10,0.3,0.5,20,1.9681,3630.5876,3632.5557,3610,267216,270856,0,0
eilon20_5 , Cycle ,20,10,0.3,0.5,20,2.53,3620.9867,3623.5168,2940,272502,275472,0,0
eilon20_1 , Line ,20,10,0.3,0.5,20,0.048,3627.5665,3627.6145,840,10424,11294,0,0
eilon20_2 , Line ,20,10,0.3,0.5,20,0.622,3638.336,3638.958,2940,88214,91184,0,0
eilon20_3 , Line ,20,10,0.3,0.5,20,0.15,3636.2651,3636.4151,822,26674,27526,0,0
eilon20_4 , Line ,20,10,0.3,0.5,20,0.386,3634.8646,3635.2506,3316,53265,56611,0,0
eilon20_5 , Line ,20,10,0.3,0.5,20,0.651,3621.8068,3622.4578,2736,99557,102323,0,0
eilon20_1 , Comp ,20,10,0.3,0.5,20,9.563,3626.8183,3636.3813,1200,869080,870310,0,0
eilon20_2 , Comp ,20,10,0.3,0.5,18,51.8846,3638.0064,3689.8911,12660,3464090,3476780,0,0
eilon20_3 , Comp ,20,10,0.3,0.5,19,7.488,3640.3845,3647.8725,1830,1380640,1382500,0,0
eilon20_4 , Comp ,20,10,0.3,0.5,18,41.641,3637.0775,3678.7185,13900,3299395,3313325,0,0
eilon20_5 , Comp ,20,10,0.3,0.5,18,100.7665,3621.8337,3722.6002,10080,8015275,8025385,0,0
eilon20_1 , Matching ,20,10,0.3,0.5,20,0.05,3627.4499,3627.4999,800,9960,10790,0,0
eilon20_2 , Matching ,20,10,0.3,0.5,20,0.3299,3637.7496,3638.0796,1860,70450,72340,0,0
eilon20_3 , Matching ,20,10,0.3,0.5,20,0.061,3634.6605,3634.7215,710,23080,23820,0,0
eilon20_4 , Matching ,20,10,0.3,0.5,20,0.288,3630.5872,3630.8752,2140,69085,71255,0,0
eilon20_5 , Matching ,20,10,0.3,0.5,20,0.259,3620.4382,3620.6972,1920,63305,65255,0,0
